epoch,step,train_auc_eval,train_f1_eval,train_loss,train_loss_epoch,train_map_eval,val_auc,val_f1,val_loss,val_map
0,9,,,0.6138842105865479,,,,,,
0,19,,,0.5732314586639404,,,,,,
0,29,,,0.5445489287376404,,,,,,
0,39,,,0.5195362567901611,,,,,,
0,49,,,0.4966035783290863,,,,,,
0,57,,,,,,0.49829018115997314,0.007719340734183788,0.45121878385543823,0.018169621005654335
0,57,0.4952704608440399,0.01929270103573799,,0.543557345867157,0.015533101744949818,,,,
1,59,,,0.4626829922199249,,,,,,
1,69,,,0.44354361295700073,,,,,,
1,79,,,0.42506179213523865,,,,,,
1,89,,,0.403682142496109,,,,,,
1,99,,,0.3779112696647644,,,,,,
1,109,,,0.36287909746170044,,,,,,
1,115,,,,,,0.506376326084137,0.0034962561912834644,0.33831337094306946,0.021097926422953606
1,115,0.4912649393081665,0.014521215111017227,,0.4058835506439209,0.016415510326623917,,,,
2,119,,,0.3486967086791992,,,,,,
2,129,,,0.3354952335357666,,,,,,
2,139,,,0.3199857473373413,,,,,,
2,149,,,0.30482766032218933,,,,,,
2,159,,,0.29417067766189575,,,,,,
2,169,,,0.2813551127910614,,,,,,
2,173,,,,,,0.5187174677848816,0.00267450837418437,0.25805217027664185,0.022853432223200798
2,173,0.49399808049201965,0.006912637036293745,,0.30706632137298584,0.016019878908991814,,,,
3,179,,,0.26192253828048706,,,,,,
3,189,,,0.25448232889175415,,,,,,
3,199,,,0.2402600198984146,,,,,,
3,209,,,0.23030318319797516,,,,,,
3,219,,,0.2248269021511078,,,,,,
3,229,,,0.21462108194828033,,,,,,
3,231,,,,,,0.529917299747467,0.0,0.2030024528503418,0.02449582703411579
3,231,0.49912986159324646,0.00407218374311924,,0.23780134320259094,0.01593378186225891,,,,
4,239,,,0.20364195108413696,,,,,,
4,249,,,0.2007964551448822,,,,,,
4,259,,,0.19152897596359253,,,,,,
4,269,,,0.18023346364498138,,,,,,
4,279,,,0.18098603188991547,,,,,,
4,289,,,0.1763090342283249,,,,,,
4,289,,,,,,0.5337103009223938,0.0,0.165205180644989,0.025193490087985992
4,289,0.4991617500782013,0.001584947924129665,,0.18991370499134064,0.015948951244354248,,,,
5,299,,,0.1669471561908722,,,,,,
5,309,,,0.16547603905200958,,,,,,
5,319,,,0.15463636815547943,,,,,,
5,329,,,0.15399035811424255,,,,,,
5,339,,,0.1518220454454422,,,,,,
5,347,,,,,,0.5352004766464233,0.0,0.13883472979068756,0.025991836562752724
5,347,0.5033101439476013,0.000442024931544438,,0.15704503655433655,0.0176053736358881,,,,
6,349,,,0.1435783952474594,,,,,,
6,359,,,0.1387503743171692,,,,,,
6,369,,,0.14212416112422943,,,,,,
6,379,,,0.12817919254302979,,,,,,
6,389,,,0.13010387122631073,,,,,,
6,399,,,0.1275903731584549,,,,,,
6,405,,,,,,0.5412964224815369,0.0,0.12014788389205933,0.026672031730413437
6,405,0.49564334750175476,0.00018802177510224283,,0.1341370940208435,0.016183124855160713,,,,
7,409,,,0.12201449275016785,,,,,,
7,419,,,0.12554305791854858,,,,,,
7,429,,,0.1180175319314003,,,,,,
7,439,,,0.11301787197589874,,,,,,
7,449,,,0.11259832233190536,,,,,,
7,459,,,0.11208609491586685,,,,,,
7,463,,,,,,0.5442698001861572,0.0,0.10659696161746979,0.0267537459731102
7,463,0.5026567578315735,9.58700111368671e-05,,0.11737732589244843,0.016639167442917824,,,,
8,469,,,0.10812745988368988,,,,,,
8,479,,,0.11103889346122742,,,,,,
8,489,,,0.09745882451534271,,,,,,
8,499,,,0.10360487550497055,,,,,,
8,509,,,0.10518290847539902,,,,,,
8,519,,,0.10130565613508224,,,,,,
8,521,,,,,,0.5425093173980713,0.0,0.0965786948800087,0.026869922876358032
8,521,0.5017300844192505,2.6517853257246315e-05,,0.10542096942663193,0.01608949899673462,,,,
9,529,,,0.10217791050672531,,,,,,
9,539,,,0.0968020036816597,,,,,,
9,549,,,0.10099974274635315,,,,,,
9,559,,,0.09075365960597992,,,,,,
9,569,,,0.09623630344867706,,,,,,
9,579,,,0.0911947637796402,,,,,,
9,579,,,,,,0.5411814451217651,0.0,0.08904187381267548,0.026571784168481827
9,579,0.5093074440956116,1.7694104826659895e-05,,0.09613989293575287,0.01629098877310753,,,,
10,589,,,0.08723337203264236,,,,,,
10,599,,,0.08882821351289749,,,,,,
10,609,,,0.08509709686040878,,,,,,
10,619,,,0.08643127977848053,,,,,,
10,629,,,0.08198016881942749,,,,,,
10,637,,,,,,0.5420650839805603,0.0,0.08313654363155365,0.026678504422307014
10,637,0.5082229375839233,3.533390554366633e-05,,0.08900106698274612,0.016077157109975815,,,,
11,639,,,0.08335742354393005,,,,,,
11,649,,,0.08003052324056625,,,,,,
11,659,,,0.08491069078445435,,,,,,
11,669,,,0.08345372974872589,,,,,,
11,679,,,0.08221178501844406,,,,,,
11,689,,,0.08054353296756744,,,,,,
11,695,,,,,,0.5399308800697327,0.0,0.07861895859241486,0.02619084343314171
11,695,0.49622616171836853,5.302012141328305e-05,,0.08373424410820007,0.01638849265873432,,,,
12,699,,,0.07943882793188095,,,,,,
12,709,,,0.07764772325754166,,,,,,
12,719,,,0.08316688239574432,,,,,,
12,729,,,0.08366980403661728,,,,,,
12,739,,,0.08254575729370117,,,,,,
12,749,,,0.07194817066192627,,,,,,
12,753,,,,,,0.5386167168617249,0.0,0.07495081424713135,0.026777788996696472
12,753,0.5020838379859924,0.00015798826643731445,,0.07930684834718704,0.020233923569321632,,,,
13,759,,,0.07410407811403275,,,,,,
13,769,,,0.08007387816905975,,,,,,
13,779,,,0.07728429138660431,,,,,,
13,789,,,0.07155397534370422,,,,,,
13,799,,,0.0715227723121643,,,,,,
13,809,,,0.07710665464401245,,,,,,
13,811,,,,,,0.5481439828872681,0.0,0.07187303900718689,0.028885038569569588
13,811,0.5233864784240723,0.0008360547944903374,,0.07582847774028778,0.020546523854136467,,,,
14,819,,,0.07104603201150894,,,,,,
14,829,,,0.06845536828041077,,,,,,
14,839,,,0.07147613167762756,,,,,,
14,849,,,0.07348427921533585,,,,,,
14,859,,,0.0741431713104248,,,,,,
14,869,,,0.06620490550994873,,,,,,
14,869,,,,,,0.5514229536056519,0.00015459160204045475,0.06947433948516846,0.03126257658004761
14,869,0.5044845938682556,0.0020723906345665455,,0.07287640869617462,0.02142913267016411,,,,
15,879,,,0.06118424981832504,,,,,,
15,889,,,0.0709763616323471,,,,,,
15,899,,,0.07585327327251434,,,,,,
15,909,,,0.07187032699584961,,,,,,
15,919,,,0.06602887064218521,,,,,,
15,927,,,,,,0.5484921932220459,0.0034713870845735073,0.06723178178071976,0.034524571150541306
15,927,0.5155810117721558,0.0035836496390402317,,0.07033374160528183,0.023169608786702156,,,,
16,929,,,0.07047951966524124,,,,,,
16,939,,,0.06825332343578339,,,,,,
16,949,,,0.06859207898378372,,,,,,
16,959,,,0.06878221780061722,,,,,,
16,969,,,0.06625808775424957,,,,,,
16,979,,,0.06620343774557114,,,,,,
16,985,,,,,,0.5535956025123596,0.0055092694237828255,0.06550094485282898,0.036577071994543076
16,985,0.5291430354118347,0.00469314306974411,,0.06817016750574112,0.025640351697802544,,,,
17,989,,,0.07318337261676788,,,,,,
17,999,,,0.0681794136762619,,,,,,
17,1009,,,0.0705525353550911,,,,,,
17,1019,,,0.069184310734272,,,,,,
17,1029,,,0.060181524604558945,,,,,,
17,1039,,,0.06488348543643951,,,,,,
17,1043,,,,,,0.567990779876709,0.006279698573052883,0.06398669630289078,0.03726921230554581
17,1043,0.5228976011276245,0.005711665377020836,,0.06625548750162125,0.028161967173218727,,,,
18,1049,,,0.05975472927093506,,,,,,
18,1059,,,0.06931576877832413,,,,,,
18,1069,,,0.06994757056236267,,,,,,
18,1079,,,0.06091965734958649,,,,,,
18,1089,,,0.06404685229063034,,,,,,
18,1099,,,0.06967106461524963,,,,,,
18,1101,,,,,,0.5777192115783691,0.006440899800509214,0.06267157196998596,0.039719242602586746
18,1101,0.536368191242218,0.0066855368204414845,,0.06496446579694748,0.029404204338788986,,,,
19,1109,,,0.0574922040104866,,,,,,
19,1119,,,0.0672411397099495,,,,,,
19,1129,,,0.06493362039327621,,,,,,
19,1139,,,0.060549549758434296,,,,,,
19,1149,,,0.05776652693748474,,,,,,
19,1159,,,0.06328501552343369,,,,,,
19,1159,,,,,,0.5915090441703796,0.0057738348841667175,0.061552487313747406,0.04265499487519264
19,1159,0.5408832430839539,0.007035732269287109,,0.06353013962507248,0.031157594174146652,,,,
20,1169,,,0.06032010167837143,,,,,,
20,1179,,,0.056695640087127686,,,,,,
20,1189,,,0.0630272775888443,,,,,,
20,1199,,,0.07101309299468994,,,,,,
20,1209,,,0.05981743335723877,,,,,,
20,1217,,,,,,0.595329225063324,0.006744006182998419,0.060555219650268555,0.045342545956373215
20,1217,0.5603953003883362,0.007281918078660965,,0.06234459951519966,0.034202732145786285,,,,
21,1219,,,0.060106486082077026,,,,,,
21,1229,,,0.059083372354507446,,,,,,
21,1239,,,0.055935975164175034,,,,,,
21,1249,,,0.0587385818362236,,,,,,
21,1259,,,0.06488922983407974,,,,,,
21,1269,,,0.05908127501606941,,,,,,
21,1275,,,,,,0.5999971032142639,0.006892187520861626,0.05978188291192055,0.049020420759916306
21,1275,0.5656148195266724,0.007829971611499786,,0.061093464493751526,0.03621135279536247,,,,
22,1279,,,0.05869760736823082,,,,,,
22,1289,,,0.057188842445611954,,,,,,
22,1299,,,0.057179179042577744,,,,,,
22,1309,,,0.0630098208785057,,,,,,
22,1319,,,0.06166033446788788,,,,,,
22,1329,,,0.05489727854728699,,,,,,
22,1333,,,,,,0.6046575307846069,0.007100898306816816,0.05883680284023285,0.050147995352745056
22,1333,0.5684540271759033,0.008055467158555984,,0.06016720086336136,0.03732718154788017,,,,
23,1339,,,0.061187077313661575,,,,,,
23,1349,,,0.05933796614408493,,,,,,
23,1359,,,0.060221195220947266,,,,,,
23,1369,,,0.06155630573630333,,,,,,
23,1379,,,0.05742988362908363,,,,,,
23,1389,,,0.05691685900092125,,,,,,
23,1391,,,,,,0.6249684691429138,0.0073324404656887054,0.05800879746675491,0.05487774685025215
23,1391,0.5841025114059448,0.008349939249455929,,0.05893169716000557,0.04114352539181709,,,,
24,1399,,,0.05832232907414436,,,,,,
24,1409,,,0.05013708397746086,,,,,,
24,1419,,,0.05471466854214668,,,,,,
24,1429,,,0.05640675872564316,,,,,,
24,1439,,,0.060144562274217606,,,,,,
24,1449,,,0.057518262416124344,,,,,,
24,1449,,,,,,0.6292368173599243,0.0071665504947304726,0.05747883766889572,0.05372024327516556
24,1449,0.597140371799469,0.008585173636674881,,0.05793480947613716,0.04548352584242821,,,,
25,1459,,,0.05930020660161972,,,,,,
25,1469,,,0.05516447126865387,,,,,,
25,1479,,,0.0598398819565773,,,,,,
25,1489,,,0.05120878294110298,,,,,,
25,1499,,,0.06031109020113945,,,,,,
25,1507,,,,,,0.6299862265586853,0.007762392051517963,0.05657109618186951,0.05677730217576027
25,1507,0.6141681671142578,0.0087048951536417,,0.056780148297548294,0.04988087713718414,,,,
26,1509,,,0.05999848619103432,,,,,,
26,1519,,,0.059931784868240356,,,,,,
26,1529,,,0.05555344372987747,,,,,,
26,1539,,,0.0532672293484211,,,,,,
26,1549,,,0.05413558706641197,,,,,,
26,1559,,,0.058188240975141525,,,,,,
26,1565,,,,,,0.6348460912704468,0.00801839679479599,0.055778514593839645,0.06052501127123833
26,1565,0.638405442237854,0.008994407951831818,,0.055542703717947006,0.056109920144081116,,,,
27,1569,,,0.05454936623573303,,,,,,
27,1579,,,0.04694215580821037,,,,,,
27,1589,,,0.05103881657123566,,,,,,
27,1599,,,0.04966513812541962,,,,,,
27,1609,,,0.058289241045713425,,,,,,
27,1619,,,0.05138886347413063,,,,,,
27,1623,,,,,,0.6458370685577393,0.008086081594228745,0.05532680079340935,0.06544074416160583
27,1623,0.6419044137001038,0.009373538196086884,,0.05459632724523544,0.06149585172533989,,,,
28,1629,,,0.04841027036309242,,,,,,
28,1639,,,0.055529117584228516,,,,,,
28,1649,,,0.04860560595989227,,,,,,
28,1659,,,0.0548715814948082,,,,,,
28,1669,,,0.05643664300441742,,,,,,
28,1679,,,0.05296458303928375,,,,,,
28,1681,,,,,,0.6354507207870483,0.008026981726288795,0.05479339882731438,0.06568453460931778
28,1681,0.6666616797447205,0.009700354188680649,,0.05348540097475052,0.06817895919084549,,,,
29,1689,,,0.053743764758110046,,,,,,
29,1699,,,0.052373263984918594,,,,,,
29,1709,,,0.047936711460351944,,,,,,
29,1719,,,0.05742250382900238,,,,,,
29,1729,,,0.05369120091199875,,,,,,
29,1739,,,0.05097978562116623,,,,,,
29,1739,,,,,,0.6579616665840149,0.0085916668176651,0.05493198707699776,0.07212667167186737
29,1739,0.6848428249359131,0.010368546470999718,,0.052244700491428375,0.07687460631132126,,,,
30,1749,,,0.04591841623187065,,,,,,
30,1759,,,0.05091959983110428,,,,,,
30,1769,,,0.05586686357855797,,,,,,
30,1779,,,0.048032548278570175,,,,,,
30,1789,,,0.053047940135002136,,,,,,
30,1797,,,,,,0.6598935723304749,0.00820789486169815,0.05382239818572998,0.07478746771812439
30,1797,0.704059362411499,0.01127906795591116,,0.05125562474131584,0.08462154120206833,,,,
31,1799,,,0.04744381457567215,,,,,,
31,1809,,,0.05577617511153221,,,,,,
31,1819,,,0.04851354658603668,,,,,,
31,1829,,,0.047911398112773895,,,,,,
31,1839,,,0.04727824404835701,,,,,,
31,1849,,,0.05117534101009369,,,,,,
31,1855,,,,,,0.6521141529083252,0.009408822283148766,0.05368661880493164,0.07497339695692062
31,1855,0.7150349020957947,0.012585356831550598,,0.05021122843027115,0.09246274828910828,,,,
32,1859,,,0.05679088830947876,,,,,,
32,1869,,,0.04944915324449539,,,,,,
32,1879,,,0.05078895017504692,,,,,,
32,1889,,,0.04445973411202431,,,,,,
32,1899,,,0.051824070513248444,,,,,,
32,1909,,,0.04991258308291435,,,,,,
32,1913,,,,,,0.6692288517951965,0.009417477063834667,0.0528852678835392,0.08333431929349899
32,1913,0.7324277758598328,0.01409059576690197,,0.04877478629350662,0.10849056392908096,,,,
33,1919,,,0.045699894428253174,,,,,,
33,1929,,,0.0485340878367424,,,,,,
33,1939,,,0.04926705360412598,,,,,,
33,1949,,,0.04620274156332016,,,,,,
33,1959,,,0.04978715255856514,,,,,,
33,1969,,,0.04338262602686882,,,,,,
33,1971,,,,,,0.6659417152404785,0.011526741087436676,0.05257362872362137,0.08531919866800308
33,1971,0.7553895115852356,0.016135385259985924,,0.04773859307169914,0.12269346415996552,,,,
34,1979,,,0.04824133217334747,,,,,,
34,1989,,,0.048607148230075836,,,,,,
34,1999,,,0.046437349170446396,,,,,,
34,2009,,,0.04128254950046539,,,,,,
34,2019,,,0.045775074511766434,,,,,,
34,2029,,,0.04333699867129326,,,,,,
34,2029,,,,,,0.6854122281074524,0.010897242464125156,0.05208008736371994,0.09019587188959122
34,2029,0.7597416043281555,0.019102182239294052,,0.046795960515737534,0.12891289591789246,,,,
35,2039,,,0.041900452226400375,,,,,,
35,2049,,,0.052934400737285614,,,,,,
35,2059,,,0.04351808503270149,,,,,,
35,2069,,,0.04657315835356712,,,,,,
35,2079,,,0.04615939408540726,,,,,,
35,2087,,,,,,0.6683291792869568,0.013900811783969402,0.05198686569929123,0.09114295244216919
35,2087,0.7874734401702881,0.021362539380788803,,0.04545600339770317,0.14694543182849884,,,,
36,2089,,,0.04677843302488327,,,,,,
36,2099,,,0.05182262510061264,,,,,,
36,2109,,,0.046872831881046295,,,,,,
36,2119,,,0.04185575246810913,,,,,,
36,2129,,,0.04287376627326012,,,,,,
36,2139,,,0.038092970848083496,,,,,,
36,2145,,,,,,0.6798492670059204,0.01184634119272232,0.051539793610572815,0.0951555147767067
36,2145,0.7979991436004639,0.02495632693171501,,0.044351473450660706,0.16556690633296967,,,,
37,2149,,,0.04068705439567566,,,,,,
37,2159,,,0.04644666239619255,,,,,,
37,2169,,,0.04381081461906433,,,,,,
37,2179,,,0.039839208126068115,,,,,,
37,2189,,,0.04404032975435257,,,,,,
37,2199,,,0.040602847933769226,,,,,,
37,2203,,,,,,0.6858830451965332,0.015746939927339554,0.05115441232919693,0.09583576023578644
37,2203,0.8194917440414429,0.028934640809893608,,0.04318644106388092,0.17768003046512604,,,,
38,2209,,,0.04404347389936447,,,,,,
38,2219,,,0.044227082282304764,,,,,,
38,2229,,,0.04614259675145149,,,,,,
38,2239,,,0.03601737320423126,,,,,,
38,2249,,,0.04074990749359131,,,,,,
38,2259,,,0.041792187839746475,,,,,,
38,2261,,,,,,0.6845396161079407,0.01796405017375946,0.051448822021484375,0.09767688810825348
38,2261,0.834442675113678,0.03439943492412567,,0.04195312038064003,0.19829390943050385,,,,
39,2269,,,0.0460803359746933,,,,,,
39,2279,,,0.04690125212073326,,,,,,
39,2289,,,0.040597930550575256,,,,,,
39,2299,,,0.042611539363861084,,,,,,
39,2309,,,0.0459115169942379,,,,,,
39,2319,,,0.04022102802991867,,,,,,
39,2319,,,,,,0.6961029767990112,0.018062327057123184,0.05052831396460533,0.10340806841850281
39,2319,0.8405264616012573,0.03819339722394943,,0.04117003455758095,0.20786243677139282,,,,
40,2329,,,0.04144372045993805,,,,,,
40,2339,,,0.03671744465827942,,,,,,
40,2349,,,0.035957738757133484,,,,,,
40,2359,,,0.04085300490260124,,,,,,
40,2369,,,0.043851371854543686,,,,,,
40,2377,,,,,,0.6999982595443726,0.02151346579194069,0.0503179170191288,0.10670565068721771
40,2377,0.8606252670288086,0.043389156460762024,,0.03953450173139572,0.2345953732728958,,,,
41,2379,,,0.03755299746990204,,,,,,
41,2389,,,0.03467034921050072,,,,,,
41,2399,,,0.04108316823840141,,,,,,
41,2409,,,0.04038170725107193,,,,,,
41,2419,,,0.04237644746899605,,,,,,
41,2429,,,0.0385463573038578,,,,,,
41,2435,,,,,,0.6993019580841064,0.02231401391327381,0.051071006804704666,0.10220624506473541
41,2435,0.871025800704956,0.04578900337219238,,0.03862188756465912,0.2510196566581726,,,,
42,2439,,,0.04176144674420357,,,,,,
42,2449,,,0.035966359078884125,,,,,,
42,2459,,,0.037349581718444824,,,,,,
42,2469,,,0.03672966733574867,,,,,,
42,2479,,,0.042118195444345474,,,,,,
42,2489,,,0.03732697293162346,,,,,,
42,2493,,,,,,0.7026315927505493,0.023924395442008972,0.0502237007021904,0.10868886113166809
42,2493,0.8821492195129395,0.052046556025743484,,0.03764282539486885,0.26667341589927673,,,,
43,2499,,,0.04129169508814812,,,,,,
43,2509,,,0.03909275308251381,,,,,,
43,2519,,,0.03628984093666077,,,,,,
43,2529,,,0.03758535534143448,,,,,,
43,2539,,,0.03451359272003174,,,,,,
43,2549,,,0.03403518348932266,,,,,,
43,2551,,,,,,0.705959141254425,0.023246658965945244,0.050320569425821304,0.10919413715600967
43,2551,0.8854782581329346,0.05437067896127701,,0.036926016211509705,0.2723427712917328,,,,
44,2559,,,0.03454827144742012,,,,,,
44,2569,,,0.032144367694854736,,,,,,
44,2579,,,0.03875838220119476,,,,,,
44,2589,,,0.037804726511240005,,,,,,
44,2599,,,0.03287858888506889,,,,,,
44,2609,,,0.035126302391290665,,,,,,
44,2609,,,,,,0.7007020115852356,0.027091460302472115,0.04957018047571182,0.11574210971593857
44,2609,0.8987282514572144,0.0602739043533802,,0.03568008914589882,0.30038589239120483,,,,
45,2619,,,0.0354149229824543,,,,,,
45,2629,,,0.027780380100011826,,,,,,
45,2639,,,0.034834716469049454,,,,,,
45,2649,,,0.030987145379185677,,,,,,
45,2659,,,0.028673699125647545,,,,,,
45,2667,,,,,,0.7069171667098999,0.027364369481801987,0.04947051405906677,0.11846655607223511
45,2667,0.9120630621910095,0.06578727066516876,,0.03409547731280327,0.3345528244972229,,,,
46,2669,,,0.030110390856862068,,,,,,
46,2679,,,0.02885991707444191,,,,,,
46,2689,,,0.03639331832528114,,,,,,
46,2699,,,0.03766978904604912,,,,,,
46,2709,,,0.037688735872507095,,,,,,
46,2719,,,0.038342639803886414,,,,,,
46,2725,,,,,,0.708238422870636,0.030227895826101303,0.04945769160985947,0.11939474940299988
46,2725,0.9229292869567871,0.07066035270690918,,0.03322543948888779,0.3507160544395447,,,,
47,2729,,,0.03387491777539253,,,,,,
47,2739,,,0.03581783175468445,,,,,,
47,2749,,,0.03338061273097992,,,,,,
47,2759,,,0.03769374638795853,,,,,,
47,2769,,,0.03443938493728638,,,,,,
47,2779,,,0.03016584925353527,,,,,,
47,2783,,,,,,0.7083178758621216,0.028989439830183983,0.049369391053915024,0.12137214839458466
47,2783,0.9294509291648865,0.0747729018330574,,0.032362520694732666,0.3765470087528229,,,,
48,2789,,,0.03546594828367233,,,,,,
48,2799,,,0.02951952815055847,,,,,,
48,2809,,,0.028083451092243195,,,,,,
48,2819,,,0.028888961300253868,,,,,,
48,2829,,,0.034441761672496796,,,,,,
48,2839,,,0.03046628087759018,,,,,,
48,2841,,,,,,0.7103084921836853,0.034050457179546356,0.04900233820080757,0.12316747009754181
48,2841,0.9357931613922119,0.08054964989423752,,0.031239859759807587,0.40115106105804443,,,,
49,2849,,,0.029614878818392754,,,,,,
49,2859,,,0.03118913620710373,,,,,,
49,2869,,,0.03334673121571541,,,,,,
49,2879,,,0.03341059014201164,,,,,,
49,2889,,,0.02814735658466816,,,,,,
49,2899,,,0.02948661707341671,,,,,,
49,2899,,,,,,0.7152729630470276,0.03113577328622341,0.0493430532515049,0.12240332365036011
49,2899,0.941891610622406,0.08695396035909653,,0.03028937801718712,0.42277035117149353,,,,
50,2909,,,0.03690440580248833,,,,,,
50,2919,,,0.025755634531378746,,,,,,
50,2929,,,0.030239708721637726,,,,,,
50,2939,,,0.02804965153336525,,,,,,
50,2949,,,0.02732681855559349,,,,,,
50,2957,,,,,,0.7116413116455078,0.03390054032206535,0.04918653145432472,0.1255674958229065
50,2957,0.9449562430381775,0.09279701113700867,,0.029617950320243835,0.4310663938522339,,,,
51,2959,,,0.027106845751404762,,,,,,
51,2969,,,0.027451451867818832,,,,,,
51,2979,,,0.027721621096134186,,,,,,
51,2989,,,0.02767103724181652,,,,,,
51,2999,,,0.030098354443907738,,,,,,
51,3009,,,0.02978556416928768,,,,,,
51,3015,,,,,,0.7162764668464661,0.0353158600628376,0.04895737022161484,0.1250588446855545
51,3015,0.9470062851905823,0.1021123081445694,,0.028936494141817093,0.4473627805709839,,,,
52,3019,,,0.029638046398758888,,,,,,
52,3029,,,0.026112549006938934,,,,,,
52,3039,,,0.02481934428215027,,,,,,
52,3049,,,0.03102598898112774,,,,,,
52,3059,,,0.028562530875205994,,,,,,
52,3069,,,0.03265554830431938,,,,,,
52,3073,,,,,,0.7140166759490967,0.040745094418525696,0.049024663865566254,0.13032357394695282
52,3073,0.9562204480171204,0.10722263157367706,,0.027750618755817413,0.4664350152015686,,,,
53,3079,,,0.03232977166771889,,,,,,
53,3089,,,0.03186164051294327,,,,,,
53,3099,,,0.024781398475170135,,,,,,
53,3109,,,0.0236392542719841,,,,,,
53,3119,,,0.026614150032401085,,,,,,
53,3129,,,0.02535979077219963,,,,,,
53,3131,,,,,,0.716190755367279,0.038706857711076736,0.04906776174902916,0.13044878840446472
53,3131,0.9656124114990234,0.1178954690694809,,0.026834173128008842,0.504536509513855,,,,
54,3139,,,0.026222754269838333,,,,,,
54,3149,,,0.029328057542443275,,,,,,
54,3159,,,0.024782827123999596,,,,,,
54,3169,,,0.02813311479985714,,,,,,
54,3179,,,0.024584656581282616,,,,,,
54,3189,,,0.023708827793598175,,,,,,
54,3189,,,,,,0.7212170362472534,0.04231966286897659,0.049021050333976746,0.13589012622833252
54,3189,0.9675641059875488,0.12979453802108765,,0.025740981101989746,0.5279257893562317,,,,
55,3199,,,0.02526218071579933,,,,,,
55,3209,,,0.025437558069825172,,,,,,
55,3219,,,0.022313693538308144,,,,,,
55,3229,,,0.02616685815155506,,,,,,
55,3239,,,0.024287665262818336,,,,,,
55,3247,,,,,,0.7270483374595642,0.045537255704402924,0.048947837203741074,0.1367489993572235
55,3247,0.9687811136245728,0.1300971806049347,,0.025268614292144775,0.5482434630393982,,,,
56,3249,,,0.023916326463222504,,,,,,
56,3259,,,0.02310987003147602,,,,,,
56,3269,,,0.02225404419004917,,,,,,
56,3279,,,0.02121136337518692,,,,,,
56,3289,,,0.020928215235471725,,,,,,
56,3299,,,0.025069044902920723,,,,,,
56,3305,,,,,,0.7178667187690735,0.045194532722234726,0.04898637533187866,0.13949598371982574
56,3305,0.9725545644760132,0.14774519205093384,,0.024278922006487846,0.5727517008781433,,,,
57,3309,,,0.026181215420365334,,,,,,
57,3319,,,0.021815257146954536,,,,,,
57,3329,,,0.024913586676120758,,,,,,
57,3339,,,0.025095513090491295,,,,,,
57,3349,,,0.028905900195240974,,,,,,
57,3359,,,0.02188067138195038,,,,,,
57,3363,,,,,,0.7196676135063171,0.04432541877031326,0.050353873521089554,0.12783479690551758
57,3363,0.9759533405303955,0.14827483892440796,,0.02381875552237034,0.5889281630516052,,,,
58,3369,,,0.024330556392669678,,,,,,
58,3379,,,0.022474175319075584,,,,,,
58,3389,,,0.022342614829540253,,,,,,
58,3399,,,0.02155185490846634,,,,,,
58,3409,,,0.02191494219005108,,,,,,
58,3419,,,0.020471852272748947,,,,,,
58,3421,,,,,,0.7275984287261963,0.04728058725595474,0.049837637692689896,0.13579733669757843
58,3421,0.9754998683929443,0.15355516970157623,,0.023700278252363205,0.5703001618385315,,,,
59,3429,,,0.02186134271323681,,,,,,
59,3439,,,0.021677177399396896,,,,,,
59,3449,,,0.0208933986723423,,,,,,
59,3459,,,0.0267032440751791,,,,,,
59,3469,,,0.025028495118021965,,,,,,
59,3479,,,0.0185941681265831,,,,,,
59,3479,,,,,,0.7229866981506348,0.049439698457717896,0.04953017458319664,0.1390523612499237
59,3479,0.976274311542511,0.16585393249988556,,0.022978242486715317,0.5949695706367493,,,,
60,3489,,,0.01880878396332264,,,,,,
60,3499,,,0.020372558385133743,,,,,,
60,3509,,,0.022910183295607567,,,,,,
60,3519,,,0.02569948509335518,,,,,,
60,3529,,,0.026857884600758553,,,,,,
60,3537,,,,,,0.7328891158103943,0.04842601343989372,0.04992112144827843,0.1373898684978485
60,3537,0.977077066898346,0.16852790117263794,,0.02248511090874672,0.6142984628677368,,,,
61,3539,,,0.02552311308681965,,,,,,
61,3549,,,0.019586924463510513,,,,,,
61,3559,,,0.02011285535991192,,,,,,
61,3569,,,0.02759772352874279,,,,,,
61,3579,,,0.02500414289534092,,,,,,
61,3589,,,0.02229372225701809,,,,,,
61,3595,,,,,,0.7316144704818726,0.058108825236558914,0.04957367107272148,0.1433829516172409
61,3595,0.9795618653297424,0.17968890070915222,,0.021798623725771904,0.6172828674316406,,,,
62,3599,,,0.020047729834914207,,,,,,
62,3609,,,0.02130831964313984,,,,,,
62,3619,,,0.019940853118896484,,,,,,
62,3629,,,0.018379585817456245,,,,,,
62,3639,,,0.016814399510622025,,,,,,
62,3649,,,0.018737202510237694,,,,,,
62,3653,,,,,,0.7295907735824585,0.05774766579270363,0.04915887489914894,0.14678506553173065
62,3653,0.9849470853805542,0.19813145697116852,,0.020358435809612274,0.6758193373680115,,,,
63,3659,,,0.017388036474585533,,,,,,
63,3669,,,0.017360912635922432,,,,,,
63,3679,,,0.018297219648957253,,,,,,
63,3689,,,0.01995629258453846,,,,,,
63,3699,,,0.02068513259291649,,,,,,
63,3709,,,0.019743947312235832,,,,,,
63,3711,,,,,,0.7345126867294312,0.05788559094071388,0.04899129271507263,0.1453615128993988
63,3711,0.988706111907959,0.21666723489761353,,0.01939799077808857,0.7037450075149536,,,,
64,3719,,,0.01875746063888073,,,,,,
64,3729,,,0.01745578646659851,,,,,,
64,3739,,,0.01969069615006447,,,,,,
64,3749,,,0.017519619315862656,,,,,,
64,3759,,,0.018626848235726357,,,,,,
64,3769,,,0.013959539122879505,,,,,,
64,3769,,,,,,0.7424739599227905,0.06378719210624695,0.048893604427576065,0.14750021696090698
64,3769,0.9891172647476196,0.23162418603897095,,0.018724093213677406,0.7358500957489014,,,,
65,3779,,,0.021121354773640633,,,,,,
65,3789,,,0.018206706270575523,,,,,,
65,3799,,,0.016713352873921394,,,,,,
65,3809,,,0.020663920789957047,,,,,,
65,3819,,,0.01662241294980049,,,,,,
65,3827,,,,,,0.7407093048095703,0.06680596619844437,0.04909445345401764,0.15433429181575775
65,3827,0.9917935132980347,0.23876953125,,0.01793576031923294,0.7526824474334717,,,,
66,3829,,,0.018392439931631088,,,,,,
66,3839,,,0.02099943906068802,,,,,,
66,3849,,,0.017650090157985687,,,,,,
66,3859,,,0.01841956190764904,,,,,,
66,3869,,,0.015474781394004822,,,,,,
66,3879,,,0.01834719628095627,,,,,,
66,3885,,,,,,0.7334107160568237,0.06761123239994049,0.0493837371468544,0.15325313806533813
66,3885,0.991441011428833,0.25738853216171265,,0.017377009615302086,0.7726229429244995,,,,
67,3889,,,0.016864746809005737,,,,,,
67,3899,,,0.01680842600762844,,,,,,
67,3909,,,0.014964762143790722,,,,,,
67,3919,,,0.015359372831881046,,,,,,
67,3929,,,0.014435531571507454,,,,,,
67,3939,,,0.020373329520225525,,,,,,
67,3943,,,,,,0.7328306436538696,0.06969862431287766,0.04932166635990143,0.15283483266830444
67,3943,0.991875946521759,0.26433879137039185,,0.017264654859900475,0.767673909664154,,,,
68,3949,,,0.014291899278759956,,,,,,
68,3959,,,0.019740788266062737,,,,,,
68,3969,,,0.014627783559262753,,,,,,
68,3979,,,0.018767597153782845,,,,,,
68,3989,,,0.017982859164476395,,,,,,
68,3999,,,0.02190403640270233,,,,,,
68,4001,,,,,,0.7383280396461487,0.07187342643737793,0.0495385117828846,0.15703409910202026
68,4001,0.9934816360473633,0.28087881207466125,,0.016408348456025124,0.7855725884437561,,,,
69,4009,,,0.01920982636511326,,,,,,
69,4019,,,0.014353686012327671,,,,,,
69,4029,,,0.014125670306384563,,,,,,
69,4039,,,0.015321680344641209,,,,,,
69,4049,,,0.01553899422287941,,,,,,
69,4059,,,0.016007814556360245,,,,,,
69,4059,,,,,,0.7387518882751465,0.07419997453689575,0.049612950533628464,0.1568109095096588
69,4059,0.9950211048126221,0.29396164417266846,,0.015602787025272846,0.7986629605293274,,,,
70,4069,,,0.014486556872725487,,,,,,
70,4079,,,0.013209321536123753,,,,,,
70,4089,,,0.013648757711052895,,,,,,
70,4099,,,0.018151115626096725,,,,,,
70,4109,,,0.015795987099409103,,,,,,
70,4117,,,,,,0.7391440272331238,0.07618802785873413,0.049996331334114075,0.15839676558971405
70,4117,0.9954026341438293,0.31649792194366455,,0.015043641440570354,0.8198471069335938,,,,
71,4119,,,0.01450383197516203,,,,,,
71,4129,,,0.014728051610291004,,,,,,
71,4139,,,0.013916753232479095,,,,,,
71,4149,,,0.017382854595780373,,,,,,
71,4159,,,0.012914324179291725,,,,,,
71,4169,,,0.0160484928637743,,,,,,
71,4175,,,,,,0.7425029277801514,0.07460486888885498,0.05038922652602196,0.1603887677192688
71,4175,0.9955570697784424,0.3381166458129883,,0.014360122382640839,0.8386354446411133,,,,
72,4179,,,0.015463791787624359,,,,,,
72,4189,,,0.013719940558075905,,,,,,
72,4199,,,0.015935609117150307,,,,,,
72,4209,,,0.012015699408948421,,,,,,
72,4219,,,0.016319967806339264,,,,,,
72,4229,,,0.01702946238219738,,,,,,
72,4233,,,,,,0.7392331957817078,0.07872729003429413,0.05034085735678673,0.1608109027147293
72,4233,0.9966697096824646,0.3464701175689697,,0.014120320789515972,0.8534741401672363,,,,
73,4239,,,0.013907295651733875,,,,,,
73,4249,,,0.013250693678855896,,,,,,
73,4259,,,0.013441616669297218,,,,,,
73,4269,,,0.012937981635332108,,,,,,
73,4279,,,0.011412002146244049,,,,,,
73,4289,,,0.012497036717832088,,,,,,
73,4291,,,,,,0.7316084504127502,0.07268273830413818,0.05166373774409294,0.15318569540977478
73,4291,0.9977694749832153,0.3657127916812897,,0.013738315552473068,0.8553357124328613,,,,
74,4299,,,0.015307556837797165,,,,,,
74,4309,,,0.013215277343988419,,,,,,
74,4319,,,0.014086189679801464,,,,,,
74,4329,,,0.011048663407564163,,,,,,
74,4339,,,0.012792189605534077,,,,,,
74,4349,,,0.01425275020301342,,,,,,
74,4349,,,,,,0.7439226508140564,0.08576473593711853,0.05125771835446358,0.15876781940460205
74,4349,0.9971415996551514,0.3767976462841034,,0.013385233469307423,0.8562616109848022,,,,
75,4359,,,0.01363194640725851,,,,,,
75,4369,,,0.011309155263006687,,,,,,
75,4379,,,0.013334003277122974,,,,,,
75,4389,,,0.011860030703246593,,,,,,
75,4399,,,0.01102169044315815,,,,,,
75,4407,,,,,,0.7447603344917297,0.08196574449539185,0.05192244425415993,0.15341788530349731
75,4407,0.9981711506843567,0.394988477230072,,0.01285336073487997,0.8740788102149963,,,,
76,4409,,,0.011225287802517414,,,,,,
76,4419,,,0.016251135617494583,,,,,,
76,4429,,,0.009733770042657852,,,,,,
76,4439,,,0.010655015707015991,,,,,,
76,4449,,,0.011220937594771385,,,,,,
76,4459,,,0.008875921368598938,,,,,,
76,4465,,,,,,0.7457243204116821,0.0876532644033432,0.051427263766527176,0.1638270616531372
76,4465,0.9979103207588196,0.4204292297363281,,0.01236284151673317,0.8891220092773438,,,,
77,4469,,,0.014149176888167858,,,,,,
77,4479,,,0.014608646742999554,,,,,,
77,4489,,,0.012373180128633976,,,,,,
77,4499,,,0.011357433162629604,,,,,,
77,4509,,,0.014089537784457207,,,,,,
77,4519,,,0.01354884635657072,,,,,,
77,4523,,,,,,0.740781843662262,0.09153274446725845,0.051877036690711975,0.15877218544483185
77,4523,0.9983404874801636,0.4362257719039917,,0.011955639347434044,0.8900385499000549,,,,
78,4529,,,0.012295902706682682,,,,,,
78,4539,,,0.012624966911971569,,,,,,
78,4549,,,0.010701735503971577,,,,,,
78,4559,,,0.008947077207267284,,,,,,
78,4569,,,0.00931570678949356,,,,,,
78,4579,,,0.013918299227952957,,,,,,
78,4581,,,,,,0.7517462372779846,0.09053260087966919,0.051633596420288086,0.1556328386068344
78,4581,0.998023271560669,0.45944467186927795,,0.011762866750359535,0.8966978192329407,,,,
79,4589,,,0.011800756677985191,,,,,,
79,4599,,,0.013374418020248413,,,,,,
79,4609,,,0.009800554253160954,,,,,,
79,4619,,,0.011576891876757145,,,,,,
79,4629,,,0.01260816864669323,,,,,,
79,4639,,,0.011651808395981789,,,,,,
79,4639,,,,,,0.7441585063934326,0.08485671877861023,0.05367955565452576,0.1478586047887802
79,4639,0.9982419610023499,0.4541233479976654,,0.011940681375563145,0.8877675533294678,,,,
80,4649,,,0.01309038233011961,,,,,,
80,4659,,,0.012213880196213722,,,,,,
80,4669,,,0.013870866037905216,,,,,,
80,4679,,,0.010486976243555546,,,,,,
80,4689,,,0.01162203773856163,,,,,,
80,4697,,,,,,0.7410556674003601,0.09612640738487244,0.05359175056219101,0.15008185803890228
80,4697,0.9970313310623169,0.4261209964752197,,0.012949339114129543,0.8573025465011597,,,,
81,4699,,,0.011987834237515926,,,,,,
81,4709,,,0.012466587126255035,,,,,,
81,4719,,,0.013773947022855282,,,,,,
81,4729,,,0.012619735673069954,,,,,,
81,4739,,,0.011992119252681732,,,,,,
81,4749,,,0.013167758472263813,,,,,,
81,4755,,,,,,0.746453046798706,0.08815978467464447,0.05459434166550636,0.14612776041030884
81,4755,0.9971049427986145,0.43966588377952576,,0.01278172992169857,0.8635010123252869,,,,
82,4759,,,0.011109315790235996,,,,,,
82,4769,,,0.012198315933346748,,,,,,
82,4779,,,0.012936107814311981,,,,,,
82,4789,,,0.011587075889110565,,,,,,
82,4799,,,0.01189351174980402,,,,,,
82,4809,,,0.01238531805574894,,,,,,
82,4813,,,,,,0.7447695136070251,0.10415668785572052,0.0534779354929924,0.15381625294685364
82,4813,0.9970232248306274,0.46083611249923706,,0.01196970697492361,0.8726952075958252,,,,
83,4819,,,0.011587930843234062,,,,,,
83,4829,,,0.010824272409081459,,,,,,
83,4839,,,0.009081322699785233,,,,,,
83,4849,,,0.013608201406896114,,,,,,
83,4859,,,0.009437725879251957,,,,,,
83,4869,,,0.008801369927823544,,,,,,
83,4871,,,,,,0.7455679774284363,0.10405445098876953,0.05315735936164856,0.1614641398191452
83,4871,0.9983317255973816,0.5140746831893921,,0.010504506528377533,0.906281054019928,,,,
84,4879,,,0.012292393483221531,,,,,,
84,4889,,,0.010577733628451824,,,,,,
84,4899,,,0.010845150798559189,,,,,,
84,4909,,,0.00905692856758833,,,,,,
84,4919,,,0.010375726036727428,,,,,,
84,4929,,,0.01078522764146328,,,,,,
84,4929,,,,,,0.7544116973876953,0.11025115847587585,0.052765537053346634,0.16591604053974152
84,4929,0.9991315603256226,0.5507795810699463,,0.009641323238611221,0.9268510341644287,,,,
85,4939,,,0.009040817618370056,,,,,,
85,4949,,,0.008428167551755905,,,,,,
85,4959,,,0.01060368213802576,,,,,,
85,4969,,,0.009150644764304161,,,,,,
85,4979,,,0.006709117442369461,,,,,,
85,4987,,,,,,0.7608543038368225,0.1119745671749115,0.052915167063474655,0.16866682469844818
85,4987,0.9994600415229797,0.5720481872558594,,0.009146947413682938,0.9343805909156799,,,,
86,4989,,,0.009174639359116554,,,,,,
86,4999,,,0.00921202264726162,,,,,,
86,5009,,,0.007233735173940659,,,,,,
86,5019,,,0.010096429847180843,,,,,,
86,5029,,,0.00746924290433526,,,,,,
86,5039,,,0.0067945257760584354,,,,,,
86,5045,,,,,,0.7576063871383667,0.12075474858283997,0.05311328545212746,0.1708703190088272
86,5045,0.9993686079978943,0.6022780537605286,,0.0086473748087883,0.9406120181083679,,,,
87,5049,,,0.007019524462521076,,,,,,
87,5059,,,0.009625562466681004,,,,,,
87,5069,,,0.009296928532421589,,,,,,
87,5079,,,0.008660420775413513,,,,,,
87,5089,,,0.0072420500218868256,,,,,,
87,5099,,,0.014011329971253872,,,,,,
87,5103,,,,,,0.7585613131523132,0.1228318065404892,0.05319266766309738,0.17171284556388855
87,5103,0.9994540214538574,0.6311242580413818,,0.008292957209050655,0.9493248462677002,,,,
88,5109,,,0.009462583810091019,,,,,,
88,5119,,,0.008231197483837605,,,,,,
88,5129,,,0.007931637577712536,,,,,,
88,5139,,,0.009195929393172264,,,,,,
88,5149,,,0.0082298144698143,,,,,,
88,5159,,,0.008605385199189186,,,,,,
88,5161,,,,,,0.7593916654586792,0.12153403460979462,0.05359432101249695,0.16723652184009552
88,5161,0.9996854662895203,0.6479414105415344,,0.008023969829082489,0.955592155456543,,,,
89,5169,,,0.006142505910247564,,,,,,
89,5179,,,0.0064902291633188725,,,,,,
89,5189,,,0.007268805988132954,,,,,,
89,5199,,,0.011141166090965271,,,,,,
89,5209,,,0.009381772018969059,,,,,,
89,5219,,,0.006503418553620577,,,,,,
89,5219,,,,,,0.7576862573623657,0.12287671864032745,0.0539625883102417,0.16954369843006134
89,5219,0.9997619986534119,0.6615697741508484,,0.007737173233181238,0.9668899774551392,,,,
90,5229,,,0.010216115042567253,,,,,,
90,5239,,,0.004770142491906881,,,,,,
90,5249,,,0.006624284200370312,,,,,,
90,5259,,,0.006411769427359104,,,,,,
90,5269,,,0.006382897961884737,,,,,,
90,5277,,,,,,0.7565369606018066,0.12147891521453857,0.054219648241996765,0.17218312621116638
90,5277,0.9996182918548584,0.669600784778595,,0.007431602571159601,0.9681107997894287,,,,
91,5279,,,0.006565066985785961,,,,,,
91,5289,,,0.007658832706511021,,,,,,
91,5299,,,0.007182755041867495,,,,,,
91,5309,,,0.008228226564824581,,,,,,
91,5319,,,0.006972752511501312,,,,,,
91,5329,,,0.0077393450774252415,,,,,,
91,5335,,,,,,0.7622999548912048,0.13125266134738922,0.05422590300440788,0.1689799726009369
91,5335,0.9996461868286133,0.6826173663139343,,0.007301940582692623,0.967575192451477,,,,
92,5339,,,0.00871956069022417,,,,,,
92,5349,,,0.006615450140088797,,,,,,
92,5359,,,0.0075273094698786736,,,,,,
92,5369,,,0.005663271527737379,,,,,,
92,5379,,,0.008523478172719479,,,,,,
92,5389,,,0.008169987238943577,,,,,,
92,5393,,,,,,0.7505064606666565,0.1203186959028244,0.055468879640102386,0.1597442775964737
92,5393,0.9996699690818787,0.6894633769989014,,0.0071898167952895164,0.9710089564323425,,,,
93,5399,,,0.008185751736164093,,,,,,
93,5409,,,0.006424992345273495,,,,,,
93,5419,,,0.008243605494499207,,,,,,
93,5429,,,0.00636665616184473,,,,,,
93,5439,,,0.00815269723534584,,,,,,
93,5449,,,0.007472991943359375,,,,,,
93,5451,,,,,,0.7631523609161377,0.13198108971118927,0.054485760629177094,0.170789435505867
93,5451,0.9998266100883484,0.6950504183769226,,0.007109383121132851,0.9698756337165833,,,,
94,5459,,,0.005906362552195787,,,,,,
94,5469,,,0.007404650095850229,,,,,,
94,5479,,,0.0050705126486718655,,,,,,
94,5489,,,0.006432597525417805,,,,,,
94,5499,,,0.006909569259732962,,,,,,
94,5509,,,0.006865867879241705,,,,,,
94,5509,,,,,,0.7545698881149292,0.12843364477157593,0.05590321496129036,0.1691199392080307
94,5509,0.9997868537902832,0.7204036712646484,,0.006763799581676722,0.9757253527641296,,,,
95,5519,,,0.007184508256614208,,,,,,
95,5529,,,0.004652653355151415,,,,,,
95,5539,,,0.007669087965041399,,,,,,
95,5549,,,0.007039409596472979,,,,,,
95,5559,,,0.0054634371772408485,,,,,,
95,5567,,,,,,0.7536166906356812,0.13150672614574432,0.05646532401442528,0.1687120646238327
95,5567,0.9998567700386047,0.7297370433807373,,0.006462478078901768,0.9792743921279907,,,,
96,5569,,,0.006232758052647114,,,,,,
96,5579,,,0.006240249145776033,,,,,,
96,5589,,,0.00621690833941102,,,,,,
96,5599,,,0.005036764778196812,,,,,,
96,5609,,,0.0059240832924842834,,,,,,
96,5619,,,0.006742589175701141,,,,,,
96,5625,,,,,,0.7582383751869202,0.12957462668418884,0.056453440338373184,0.17210125923156738
96,5625,0.9998621940612793,0.7560300827026367,,0.006190566346049309,0.9796814322471619,,,,
97,5629,,,0.005741155240684748,,,,,,
97,5639,,,0.00457322271540761,,,,,,
97,5649,,,0.0056070322170853615,,,,,,
97,5659,,,0.006850170437246561,,,,,,
97,5669,,,0.006631255615502596,,,,,,
97,5679,,,0.007124319672584534,,,,,,
97,5683,,,,,,0.7562794089317322,0.1344832479953766,0.05687291920185089,0.17116469144821167
97,5683,0.9998825788497925,0.767773449420929,,0.005979153327643871,0.9835928678512573,,,,
98,5689,,,0.0075214034877717495,,,,,,
98,5699,,,0.005989131983369589,,,,,,
98,5709,,,0.005323866382241249,,,,,,
98,5719,,,0.00632239505648613,,,,,,
98,5729,,,0.005758699961006641,,,,,,
98,5739,,,0.00476585328578949,,,,,,
98,5741,,,,,,0.7673192024230957,0.1386355608701706,0.05627993866801262,0.1741260588169098
98,5741,0.9999074935913086,0.7784414887428284,,0.005737905856221914,0.9843065142631531,,,,
99,5749,,,0.0057425606064498425,,,,,,
99,5759,,,0.007275964133441448,,,,,,
99,5769,,,0.006305241491645575,,,,,,
99,5779,,,0.00576370395720005,,,,,,
99,5789,,,0.005736237857490778,,,,,,
99,5799,,,0.009274614974856377,,,,,,
99,5799,,,,,,0.7601204514503479,0.13264673948287964,0.0581992045044899,0.1655144989490509
99,5799,0.999901533126831,0.7870240211486816,,0.005716219544410706,0.9887478947639465,,,,
100,5809,,,0.005023571662604809,,,,,,
100,5819,,,0.005457691382616758,,,,,,
100,5829,,,0.006493817549198866,,,,,,
100,5839,,,0.00892110075801611,,,,,,
100,5849,,,0.009437321685254574,,,,,,
100,5857,,,,,,0.7555058598518372,0.11335386335849762,0.06028863787651062,0.14870910346508026
100,5857,0.9987766742706299,0.7345583438873291,,0.007208296563476324,0.9633992910385132,,,,
101,5859,,,0.00856094341725111,,,,,,
101,5869,,,0.00944061391055584,,,,,,
101,5879,,,0.010886957868933678,,,,,,
101,5889,,,0.007029865402728319,,,,,,
101,5899,,,0.009767972864210606,,,,,,
101,5909,,,0.01104978658258915,,,,,,
101,5915,,,,,,0.7447239756584167,0.1093471348285675,0.06089890003204346,0.14896509051322937
101,5915,0.9984869360923767,0.6681147217750549,,0.008798552677035332,0.9372279644012451,,,,
102,5919,,,0.010443607345223427,,,,,,
102,5929,,,0.012296385131776333,,,,,,
102,5939,,,0.008571552112698555,,,,,,
102,5949,,,0.007328817620873451,,,,,,
102,5959,,,0.007528858259320259,,,,,,
102,5969,,,0.0056097302585840225,,,,,,
102,5973,,,,,,0.7680045962333679,0.12606707215309143,0.05808652564883232,0.15075157582759857
102,5973,0.9979251027107239,0.6689950227737427,,0.008627574890851974,0.9265428185462952,,,,
103,5979,,,0.004906324204057455,,,,,,
103,5989,,,0.005651233252137899,,,,,,
103,5999,,,0.0060448250733315945,,,,,,
103,6009,,,0.005248971749097109,,,,,,
103,6019,,,0.006226320751011372,,,,,,
103,6029,,,0.005829977337270975,,,,,,
103,6031,,,,,,0.7595788240432739,0.12767930328845978,0.0583251491189003,0.16244077682495117
103,6031,0.99969482421875,0.7478728294372559,,0.0063376473262906075,0.9639113545417786,,,,
104,6039,,,0.007496833801269531,,,,,,
104,6049,,,0.00556487962603569,,,,,,
104,6059,,,0.004495990462601185,,,,,,
104,6069,,,0.005244567058980465,,,,,,
104,6079,,,0.005424986593425274,,,,,,
104,6089,,,0.005726699251681566,,,,,,
104,6089,,,,,,0.7668487429618835,0.14168640971183777,0.05825306102633476,0.16731879115104675
104,6089,0.999875009059906,0.7968246936798096,,0.005362732335925102,0.9818630218505859,,,,
105,6099,,,0.005494967103004456,,,,,,
105,6109,,,0.0045760758221149445,,,,,,
105,6119,,,0.0048347762785851955,,,,,,
105,6129,,,0.005002595949918032,,,,,,
105,6139,,,0.005293871276080608,,,,,,
105,6147,,,,,,0.7581855058670044,0.13827106356620789,0.06052275374531746,0.16386181116104126
105,6147,0.9998772144317627,0.8106057047843933,,0.00509276706725359,0.984528124332428,,,,
106,6149,,,0.006219993811100721,,,,,,
106,6159,,,0.00674033397808671,,,,,,
106,6169,,,0.00978937465697527,,,,,,
106,6179,,,0.004856815095990896,,,,,,
106,6189,,,0.004759611561894417,,,,,,
106,6199,,,0.0033831102773547173,,,,,,
106,6205,,,,,,0.755632221698761,0.12676411867141724,0.061086662113666534,0.15971623361110687
106,6205,0.9996300339698792,0.7829098701477051,,0.00571571895852685,0.9773000478744507,,,,
107,6209,,,0.004635771736502647,,,,,,
107,6219,,,0.004849513992667198,,,,,,
107,6229,,,0.0047362023033201694,,,,,,
107,6239,,,0.004781307652592659,,,,,,
107,6249,,,0.004927817266434431,,,,,,
107,6259,,,0.004473061300814152,,,,,,
107,6263,,,,,,0.7612623572349548,0.1471114456653595,0.05900079756975174,0.16969560086727142
107,6263,0.9998059272766113,0.8071587085723877,,0.0051386794075369835,0.9849832057952881,,,,
108,6269,,,0.0053993165493011475,,,,,,
108,6279,,,0.0036214515566825867,,,,,,
108,6289,,,0.0044393050484359264,,,,,,
108,6299,,,0.004847608506679535,,,,,,
108,6309,,,0.005636591464281082,,,,,,
108,6319,,,0.003251568181440234,,,,,,
108,6321,,,,,,0.7661247849464417,0.1474887728691101,0.05971471592783928,0.17005079984664917
108,6321,0.9999213814735413,0.8519836664199829,,0.0044023869559168816,0.9892988801002502,,,,
109,6329,,,0.005605380050837994,,,,,,
109,6339,,,0.004649571608752012,,,,,,
109,6349,,,0.0037526246160268784,,,,,,
109,6359,,,0.0042037880048155785,,,,,,
109,6369,,,0.003114433027803898,,,,,,
109,6379,,,0.003989210352301598,,,,,,
109,6379,,,,,,0.7645072937011719,0.1409323513507843,0.060022514313459396,0.17153896391391754
109,6379,0.9999275803565979,0.854144811630249,,0.004216104745864868,0.9895145297050476,,,,
110,6389,,,0.004952646791934967,,,,,,
110,6399,,,0.0048974668607115746,,,,,,
110,6409,,,0.004036884289234877,,,,,,
110,6419,,,0.004403871949762106,,,,,,
110,6429,,,0.0028079873882234097,,,,,,
110,6437,,,,,,0.7644457221031189,0.14695706963539124,0.06062055379152298,0.1715703010559082
110,6437,0.9999545812606812,0.8585399389266968,,0.0041265785694122314,0.9924452900886536,,,,
111,6439,,,0.0037134219892323017,,,,,,
111,6449,,,0.0032890045549720526,,,,,,
111,6459,,,0.004286245442926884,,,,,,
111,6469,,,0.004769325256347656,,,,,,
111,6479,,,0.00402121152728796,,,,,,
111,6489,,,0.0035761138424277306,,,,,,
111,6495,,,,,,0.7672244906425476,0.15946322679519653,0.06019354984164238,0.17621804773807526
111,6495,0.9999709129333496,0.8730389475822449,,0.0038582920096814632,0.995698094367981,,,,
112,6499,,,0.0030691237188875675,,,,,,
112,6509,,,0.005092850420624018,,,,,,
112,6519,,,0.0039964825846254826,,,,,,
112,6529,,,0.004139513708651066,,,,,,
112,6539,,,0.0030555701814591885,,,,,,
112,6549,,,0.002482481999322772,,,,,,
112,6553,,,,,,0.7641637325286865,0.1545126587152481,0.06098513305187225,0.1751537024974823
112,6553,0.9999765157699585,0.8816518783569336,,0.0037906751967966557,0.9959120154380798,,,,
113,6559,,,0.0035969982855021954,,,,,,
113,6569,,,0.0033112189266830683,,,,,,
113,6579,,,0.004217186477035284,,,,,,
113,6589,,,0.004104382824152708,,,,,,
113,6599,,,0.0041829789988696575,,,,,,
113,6609,,,0.0040536015294492245,,,,,,
113,6611,,,,,,0.7658226490020752,0.15114523470401764,0.06144215166568756,0.1748408079147339
113,6611,0.9999812841415405,0.8929004669189453,,0.003580773016437888,0.9943727850914001,,,,
114,6619,,,0.0028125301469117403,,,,,,
114,6629,,,0.0025655869394540787,,,,,,
114,6639,,,0.002595438389107585,,,,,,
114,6649,,,0.0025356123223900795,,,,,,
114,6659,,,0.0030325758270919323,,,,,,
114,6669,,,0.004829017445445061,,,,,,
114,6669,,,,,,0.7651047110557556,0.1591055989265442,0.06134270876646042,0.17417116463184357
114,6669,0.9999826550483704,0.9031834602355957,,0.0035022073425352573,0.9967402219772339,,,,
115,6679,,,0.003008915577083826,,,,,,
115,6689,,,0.0021868515759706497,,,,,,
115,6699,,,0.0023900147061794996,,,,,,
115,6709,,,0.0037992943543940783,,,,,,
115,6719,,,0.002672149334102869,,,,,,
115,6727,,,,,,0.7599934339523315,0.15551051497459412,0.06235096603631973,0.17680580914020538
115,6727,0.9999710321426392,0.9055188894271851,,0.0034180660732090473,0.9959428906440735,,,,
116,6729,,,0.003276436822488904,,,,,,
116,6739,,,0.0038860789500176907,,,,,,
116,6749,,,0.0039286320097744465,,,,,,
116,6759,,,0.005035112611949444,,,,,,
116,6769,,,0.002920598490163684,,,,,,
116,6779,,,0.004173212219029665,,,,,,
116,6785,,,,,,0.7601901888847351,0.1576867699623108,0.06257772445678711,0.17709431052207947
116,6785,0.9999808073043823,0.9069951772689819,,0.003324842546135187,0.9957082271575928,,,,
117,6789,,,0.004243643954396248,,,,,,
117,6799,,,0.004407846834510565,,,,,,
117,6809,,,0.00348032359033823,,,,,,
117,6819,,,0.003955985885113478,,,,,,
117,6829,,,0.003911331295967102,,,,,,
117,6839,,,0.003433976322412491,,,,,,
117,6843,,,,,,0.7647344470024109,0.16066989302635193,0.0629601925611496,0.17488345503807068
117,6843,0.9999791383743286,0.9160852432250977,,0.003229415277019143,0.9963576793670654,,,,
118,6849,,,0.0025016898289322853,,,,,,
118,6859,,,0.0030930701177567244,,,,,,
118,6869,,,0.0028318976983428,,,,,,
118,6879,,,0.0029069194570183754,,,,,,
118,6889,,,0.0027443217113614082,,,,,,
118,6899,,,0.002168493578210473,,,,,,
118,6901,,,,,,0.7610706686973572,0.15574714541435242,0.06321742385625839,0.1745002567768097
118,6901,0.9999858140945435,0.9108174443244934,,0.0031560533680021763,0.9964356422424316,,,,
119,6909,,,0.003166756359860301,,,,,,
119,6919,,,0.002115171169862151,,,,,,
119,6929,,,0.0021673685405403376,,,,,,
119,6939,,,0.003012960311025381,,,,,,
119,6949,,,0.002980346092954278,,,,,,
119,6959,,,0.0026630365755409002,,,,,,
119,6959,,,,,,0.7686342000961304,0.1627926528453827,0.06295032054185867,0.17520223557949066
119,6959,0.99998939037323,0.9217291474342346,,0.003072370309382677,0.9979608058929443,,,,
120,6969,,,0.004059252329170704,,,,,,
120,6979,,,0.004374140873551369,,,,,,
120,6989,,,0.0029013133607804775,,,,,,
120,6999,,,0.0029702407773584127,,,,,,
120,7009,,,0.0024622243363410234,,,,,,
120,7017,,,,,,0.7635747790336609,0.15944112837314606,0.06379561126232147,0.17486949265003204
120,7017,0.9999805688858032,0.9299870729446411,,0.0029240900184959173,0.9979215860366821,,,,
121,7019,,,0.002913619391620159,,,,,,
121,7029,,,0.002637042198330164,,,,,,
121,7039,,,0.003963964059948921,,,,,,
121,7049,,,0.002393093891441822,,,,,,
121,7059,,,0.0016703283181414008,,,,,,
121,7069,,,0.002994236070662737,,,,,,
121,7075,,,,,,0.7669148445129395,0.1568339467048645,0.0644761398434639,0.17565757036209106
121,7075,0.9999880194664001,0.9313024282455444,,0.002933552721515298,0.9980968832969666,,,,
122,7079,,,0.0029502667021006346,,,,,,
122,7089,,,0.0023214472457766533,,,,,,
122,7099,,,0.0025004325434565544,,,,,,
122,7109,,,0.002641526982188225,,,,,,
122,7119,,,0.002805607859045267,,,,,,
122,7129,,,0.0026248376816511154,,,,,,
122,7133,,,,,,0.7606937885284424,0.15959171950817108,0.06505800783634186,0.17547014355659485
122,7133,0.999991238117218,0.9344038963317871,,0.002788785845041275,0.9981796145439148,,,,
123,7139,,,0.0029136657249182463,,,,,,
123,7149,,,0.0020022939424961805,,,,,,
123,7159,,,0.003944963216781616,,,,,,
123,7169,,,0.0017333998112007976,,,,,,
123,7179,,,0.0029293540865182877,,,,,,
123,7189,,,0.0021767362486571074,,,,,,
123,7191,,,,,,0.7694191336631775,0.16215959191322327,0.06508074700832367,0.17274892330169678
123,7191,0.9999933838844299,0.9425333142280579,,0.0027022985741496086,0.9984650611877441,,,,
124,7199,,,0.002379926387220621,,,,,,
124,7209,,,0.004412939306348562,,,,,,
124,7219,,,0.0033047099132090807,,,,,,
124,7229,,,0.0030053784139454365,,,,,,
124,7239,,,0.0020136330276727676,,,,,,
124,7249,,,0.0024968578945845366,,,,,,
124,7249,,,,,,0.7618845105171204,0.16085346043109894,0.06512386351823807,0.1746770143508911
124,7249,0.999992311000824,0.9386075735092163,,0.0026484427507966757,0.9986114501953125,,,,
