dino_loss,dino_loss_epoch,epoch,step
5.53181791305542,,0,9
5.5167059898376465,,0,19
5.513704776763916,,0,29
5.498784065246582,,0,39
5.492455959320068,,0,49
5.45799446105957,,0,59
5.4276556968688965,,0,69
5.407130241394043,,0,79
5.381929397583008,,0,89
5.312849998474121,,0,99
5.282020568847656,,0,109
5.231077194213867,,0,119
5.214221000671387,,0,129
5.123575210571289,,0,139
5.072319030761719,,0,149
5.042891502380371,,0,159
4.999349117279053,,0,169
4.960983753204346,,0,179
4.933762550354004,,0,189
4.9231414794921875,,0,199
4.860367774963379,,0,209
4.803829193115234,,0,219
4.7785186767578125,,0,229
4.751910209655762,,0,239
4.738589763641357,,0,249
4.7078537940979,,0,259
4.6862287521362305,,0,269
4.6850385665893555,,0,279
4.632374286651611,,0,289
4.667990684509277,,0,299
4.6214704513549805,,0,309
4.608353614807129,,0,319
4.596160411834717,,0,329
,5.031878471374512,0,331
4.57283878326416,,1,339
4.596555709838867,,1,349
4.575761795043945,,1,359
4.5636887550354,,1,369
4.581347465515137,,1,379
4.557050704956055,,1,389
4.523529052734375,,1,399
4.523991584777832,,1,409
4.51578950881958,,1,419
4.492591857910156,,1,429
4.492348670959473,,1,439
4.49808931350708,,1,449
4.45805549621582,,1,459
4.453500270843506,,1,469
4.441994667053223,,1,479
4.457708835601807,,1,489
4.442699432373047,,1,499
4.416294574737549,,1,509
4.406301975250244,,1,519
4.406723976135254,,1,529
4.388264179229736,,1,539
4.384023189544678,,1,549
4.381763935089111,,1,559
4.38839054107666,,1,569
4.353578567504883,,1,579
4.365602970123291,,1,589
4.357855796813965,,1,599
4.3745574951171875,,1,609
4.3444366455078125,,1,619
4.307135105133057,,1,629
4.359772682189941,,1,639
4.346340179443359,,1,649
4.317019939422607,,1,659
,4.4379072189331055,1,663
4.320891857147217,,2,669
4.284230709075928,,2,679
4.302646160125732,,2,689
4.319990634918213,,2,699
4.331720352172852,,2,709
4.334573268890381,,2,719
4.298698425292969,,2,729
4.30548095703125,,2,739
4.278282165527344,,2,749
4.3471856117248535,,2,759
4.309147834777832,,2,769
4.313141345977783,,2,779
4.34114408493042,,2,789
4.255443572998047,,2,799
4.275452136993408,,2,809
4.2711639404296875,,2,819
4.2881388664245605,,2,829
4.2767462730407715,,2,839
4.2321577072143555,,2,849
4.270525932312012,,2,859
4.265416622161865,,2,869
4.292572498321533,,2,879
4.2512359619140625,,2,889
4.310910701751709,,2,899
4.253370761871338,,2,909
4.246982574462891,,2,919
4.2441606521606445,,2,929
4.228269100189209,,2,939
4.239487171173096,,2,949
4.222034931182861,,2,959
4.230648040771484,,2,969
4.2496843338012695,,2,979
4.245822429656982,,2,989
,4.272878170013428,2,995
4.267974853515625,,3,999
4.232002258300781,,3,1009
4.240569114685059,,3,1019
4.24360990524292,,3,1029
4.253662109375,,3,1039
4.233348369598389,,3,1049
4.228349685668945,,3,1059
4.232510566711426,,3,1069
4.23193359375,,3,1079
4.263148307800293,,3,1089
4.232473850250244,,3,1099
4.252749443054199,,3,1109
4.231156349182129,,3,1119
4.232688903808594,,3,1129
4.264314651489258,,3,1139
4.233680248260498,,3,1149
4.199650287628174,,3,1159
4.204882621765137,,3,1169
4.235565185546875,,3,1179
4.228675365447998,,3,1189
4.240991592407227,,3,1199
4.234977722167969,,3,1209
4.249129772186279,,3,1219
4.202718734741211,,3,1229
4.2008562088012695,,3,1239
4.201220512390137,,3,1249
4.24049711227417,,3,1259
4.2182111740112305,,3,1269
4.274611473083496,,3,1279
4.246039867401123,,3,1289
4.215221881866455,,3,1299
4.23901891708374,,3,1309
4.181371212005615,,3,1319
,4.236155986785889,3,1327
4.244300842285156,,4,1329
4.2527570724487305,,4,1339
4.199029445648193,,4,1349
4.211663246154785,,4,1359
4.187411785125732,,4,1369
4.275253772735596,,4,1379
4.281896114349365,,4,1389
4.197017192840576,,4,1399
4.239760875701904,,4,1409
4.256985187530518,,4,1419
4.225930213928223,,4,1429
4.204677104949951,,4,1439
4.202507019042969,,4,1449
4.197683811187744,,4,1459
4.223050594329834,,4,1469
4.201015949249268,,4,1479
4.237078666687012,,4,1489
4.229060173034668,,4,1499
4.203517913818359,,4,1509
4.219942092895508,,4,1519
4.2497758865356445,,4,1529
4.229037761688232,,4,1539
4.256072998046875,,4,1549
4.220614433288574,,4,1559
4.211819171905518,,4,1569
4.210392951965332,,4,1579
4.231722831726074,,4,1589
4.2475690841674805,,4,1599
4.230790615081787,,4,1609
4.18080997467041,,4,1619
4.221984386444092,,4,1629
4.228184223175049,,4,1639
4.181896686553955,,4,1649
4.255396842956543,,4,1659
,4.225131034851074,4,1659
4.1917948722839355,,5,1669
4.188407897949219,,5,1679
4.185089111328125,,5,1689
4.21597957611084,,5,1699
4.333118915557861,,5,1709
4.176292419433594,,5,1719
4.221421241760254,,5,1729
4.274364471435547,,5,1739
4.254112243652344,,5,1749
4.240031719207764,,5,1759
4.193771839141846,,5,1769
4.182917594909668,,5,1779
4.208919525146484,,5,1789
4.197582244873047,,5,1799
4.214169025421143,,5,1809
4.197446823120117,,5,1819
4.158751964569092,,5,1829
4.191450119018555,,5,1839
4.182934284210205,,5,1849
4.191221714019775,,5,1859
4.2368903160095215,,5,1869
4.164089202880859,,5,1879
4.205062389373779,,5,1889
4.1657867431640625,,5,1899
4.208078384399414,,5,1909
4.1930999755859375,,5,1919
4.198817729949951,,5,1929
4.200332164764404,,5,1939
4.229457378387451,,5,1949
4.227938175201416,,5,1959
4.205642223358154,,5,1969
4.2050652503967285,,5,1979
4.224719047546387,,5,1989
,4.208419322967529,5,1991
4.197299957275391,,6,1999
4.1645636558532715,,6,2009
4.1878533363342285,,6,2019
4.182158946990967,,6,2029
4.190088272094727,,6,2039
4.22673225402832,,6,2049
4.169549942016602,,6,2059
4.178925037384033,,6,2069
4.201159954071045,,6,2079
4.182151794433594,,6,2089
4.186212539672852,,6,2099
4.176239013671875,,6,2109
4.188135623931885,,6,2119
4.227784633636475,,6,2129
4.1491498947143555,,6,2139
4.181379795074463,,6,2149
4.175891399383545,,6,2159
4.185897350311279,,6,2169
4.193282127380371,,6,2179
4.203550338745117,,6,2189
4.199220657348633,,6,2199
4.195701599121094,,6,2209
4.196678161621094,,6,2219
4.193546772003174,,6,2229
4.213639259338379,,6,2239
4.175868988037109,,6,2249
4.211519241333008,,6,2259
4.146327972412109,,6,2269
4.201712131500244,,6,2279
4.237622261047363,,6,2289
4.172264099121094,,6,2299
4.260971546173096,,6,2309
4.219216823577881,,6,2319
,4.202418327331543,6,2323
4.220742225646973,,7,2329
4.217343330383301,,7,2339
4.26223611831665,,7,2349
4.198780536651611,,7,2359
4.247687816619873,,7,2369
4.184353351593018,,7,2379
4.236413955688477,,7,2389
4.151869297027588,,7,2399
4.240928649902344,,7,2409
4.202933311462402,,7,2419
4.188015460968018,,7,2429
4.1667399406433105,,7,2439
4.206615924835205,,7,2449
4.214648246765137,,7,2459
4.2538886070251465,,7,2469
4.207063674926758,,7,2479
4.305379390716553,,7,2489
4.18574857711792,,7,2499
4.17868185043335,,7,2509
4.204412937164307,,7,2519
4.150097370147705,,7,2529
4.153789043426514,,7,2539
4.193654537200928,,7,2549
4.182810306549072,,7,2559
4.236753940582275,,7,2569
4.225861072540283,,7,2579
4.177541255950928,,7,2589
4.237537860870361,,7,2599
4.151525020599365,,7,2609
4.19771671295166,,7,2619
4.203402042388916,,7,2629
4.156407833099365,,7,2639
4.220250606536865,,7,2649
,4.1948957443237305,7,2655
4.2207865715026855,,8,2659
4.173721790313721,,8,2669
4.17883825302124,,8,2679
4.138105392456055,,8,2689
4.19301176071167,,8,2699
4.188638687133789,,8,2709
4.181216239929199,,8,2719
4.215153694152832,,8,2729
4.1903839111328125,,8,2739
4.177933216094971,,8,2749
4.152353286743164,,8,2759
4.14940071105957,,8,2769
4.168115615844727,,8,2779
4.21903133392334,,8,2789
4.138679027557373,,8,2799
4.262609004974365,,8,2809
4.280778884887695,,8,2819
4.2184271812438965,,8,2829
4.212089538574219,,8,2839
4.210690021514893,,8,2849
4.179104328155518,,8,2859
4.180435657501221,,8,2869
4.2138352394104,,8,2879
4.192499160766602,,8,2889
4.166073799133301,,8,2899
4.186122417449951,,8,2909
4.133048057556152,,8,2919
4.192325115203857,,8,2929
4.16107702255249,,8,2939
4.181346893310547,,8,2949
4.147354602813721,,8,2959
4.171788692474365,,8,2969
4.198545932769775,,8,2979
,4.188438892364502,8,2987
4.16279411315918,,9,2989
4.2526984214782715,,9,2999
4.199795246124268,,9,3009
4.151583671569824,,9,3019
4.174093723297119,,9,3029
4.183321952819824,,9,3039
4.170465469360352,,9,3049
4.209455490112305,,9,3059
4.159562110900879,,9,3069
4.178398132324219,,9,3079
4.2075934410095215,,9,3089
4.172248840332031,,9,3099
4.174993515014648,,9,3109
4.180948734283447,,9,3119
4.205698013305664,,9,3129
4.142331600189209,,9,3139
4.164455413818359,,9,3149
4.167501449584961,,9,3159
4.163565635681152,,9,3169
4.164825439453125,,9,3179
4.191308498382568,,9,3189
4.184363842010498,,9,3199
4.172638416290283,,9,3209
4.1456618309021,,9,3219
4.172119140625,,9,3229
4.196127414703369,,9,3239
4.174983501434326,,9,3249
4.147621154785156,,9,3259
4.1516947746276855,,9,3269
4.173654079437256,,9,3279
4.141192436218262,,9,3289
4.117695331573486,,9,3299
4.23369836807251,,9,3309
4.276336669921875,,9,3319
,4.177493572235107,9,3319
4.16069221496582,,10,3329
4.151368141174316,,10,3339
4.195832252502441,,10,3349
4.157811641693115,,10,3359
4.147948265075684,,10,3369
4.232423782348633,,10,3379
4.138693809509277,,10,3389
4.203803062438965,,10,3399
4.2006120681762695,,10,3409
4.157388687133789,,10,3419
4.136443614959717,,10,3429
4.215609550476074,,10,3439
4.178613662719727,,10,3449
4.171108722686768,,10,3459
4.284933090209961,,10,3469
4.154942035675049,,10,3479
4.157237529754639,,10,3489
4.176455020904541,,10,3499
4.229806423187256,,10,3509
4.125074863433838,,10,3519
4.137992858886719,,10,3529
4.143535137176514,,10,3539
4.1449971199035645,,10,3549
4.09755277633667,,10,3559
4.151306629180908,,10,3569
4.1904191970825195,,10,3579
4.107161998748779,,10,3589
4.166930675506592,,10,3599
4.124532222747803,,10,3609
4.163603782653809,,10,3619
4.216254234313965,,10,3629
4.178286552429199,,10,3639
4.16269588470459,,10,3649
,4.165687561035156,10,3651
4.145640850067139,,11,3659
4.204267501831055,,11,3669
4.107910633087158,,11,3679
4.226325035095215,,11,3689
4.1355881690979,,11,3699
4.128890514373779,,11,3709
4.220354080200195,,11,3719
4.21651554107666,,11,3729
4.136808395385742,,11,3739
4.155697345733643,,11,3749
4.119487285614014,,11,3759
4.167860507965088,,11,3769
4.17728853225708,,11,3779
4.2155985832214355,,11,3789
4.17352819442749,,11,3799
4.165454387664795,,11,3809
4.178647994995117,,11,3819
4.164860248565674,,11,3829
4.140225887298584,,11,3839
4.139303684234619,,11,3849
4.1476287841796875,,11,3859
4.169807434082031,,11,3869
4.089916706085205,,11,3879
4.120170593261719,,11,3889
4.146320343017578,,11,3899
4.197472095489502,,11,3909
4.176972389221191,,11,3919
4.142859935760498,,11,3929
4.129030227661133,,11,3939
4.157473087310791,,11,3949
4.134024143218994,,11,3959
4.141181468963623,,11,3969
4.203794479370117,,11,3979
,4.154394626617432,11,3983
4.247615814208984,,12,3989
4.1161112785339355,,12,3999
4.123308181762695,,12,4009
4.145915508270264,,12,4019
4.135711669921875,,12,4029
4.171580791473389,,12,4039
4.205136299133301,,12,4049
4.172828197479248,,12,4059
4.142899513244629,,12,4069
4.1513848304748535,,12,4079
4.1031646728515625,,12,4089
4.189939022064209,,12,4099
4.152414321899414,,12,4109
4.202554702758789,,12,4119
4.129567623138428,,12,4129
4.1244707107543945,,12,4139
4.094478130340576,,12,4149
4.086666584014893,,12,4159
4.167379856109619,,12,4169
4.143117427825928,,12,4179
4.078913688659668,,12,4189
4.0844950675964355,,12,4199
4.179713249206543,,12,4209
4.078509330749512,,12,4219
4.164728164672852,,12,4229
4.138303279876709,,12,4239
4.132692813873291,,12,4249
4.07971715927124,,12,4259
4.114234924316406,,12,4269
4.142222881317139,,12,4279
4.142815589904785,,12,4289
4.1757025718688965,,12,4299
4.084414005279541,,12,4309
,4.139939785003662,12,4315
4.1578898429870605,,13,4319
4.102847576141357,,13,4329
4.1227617263793945,,13,4339
4.115006446838379,,13,4349
4.037895202636719,,13,4359
4.07879638671875,,13,4369
4.100890636444092,,13,4379
4.114069938659668,,13,4389
4.069406509399414,,13,4399
4.084793567657471,,13,4409
4.152155876159668,,13,4419
4.195066928863525,,13,4429
4.135897159576416,,13,4439
4.13829231262207,,13,4449
4.107591152191162,,13,4459
4.259369850158691,,13,4469
4.130984783172607,,13,4479
4.113515377044678,,13,4489
4.138406753540039,,13,4499
4.10026216506958,,13,4509
4.117443084716797,,13,4519
4.1174821853637695,,13,4529
4.125954627990723,,13,4539
4.202602863311768,,13,4549
4.0939836502075195,,13,4559
4.119864463806152,,13,4569
4.109982490539551,,13,4579
4.092634677886963,,13,4589
4.115071773529053,,13,4599
4.068899631500244,,13,4609
4.1131463050842285,,13,4619
4.163545608520508,,13,4629
4.241143703460693,,13,4639
,4.121276378631592,13,4647
4.079051494598389,,14,4649
4.086472034454346,,14,4659
4.088654518127441,,14,4669
4.124763488769531,,14,4679
4.069434642791748,,14,4689
4.087274551391602,,14,4699
4.110596179962158,,14,4709
4.055060386657715,,14,4719
4.084237575531006,,14,4729
4.072179794311523,,14,4739
4.216147422790527,,14,4749
4.1475934982299805,,14,4759
4.164583206176758,,14,4769
4.1212263107299805,,14,4779
4.072700500488281,,14,4789
4.201667785644531,,14,4799
4.075908184051514,,14,4809
4.044350624084473,,14,4819
4.075897693634033,,14,4829
4.0803070068359375,,14,4839
4.079127788543701,,14,4849
4.154216289520264,,14,4859
4.0583672523498535,,14,4869
4.074542045593262,,14,4879
4.087024211883545,,14,4889
4.127474308013916,,14,4899
4.110839366912842,,14,4909
4.105264663696289,,14,4919
4.099961280822754,,14,4929
4.123086929321289,,14,4939
4.0953450202941895,,14,4949
4.09487247467041,,14,4959
4.065004348754883,,14,4969
4.083224773406982,,14,4979
,4.106174468994141,14,4979
4.128054141998291,,15,4989
4.080211639404297,,15,4999
4.086182117462158,,15,5009
4.136898040771484,,15,5019
4.084335803985596,,15,5029
4.0915937423706055,,15,5039
4.135618209838867,,15,5049
4.134520053863525,,15,5059
4.161501407623291,,15,5069
4.12300443649292,,15,5079
4.105601787567139,,15,5089
4.036832809448242,,15,5099
4.059075355529785,,15,5109
4.079245567321777,,15,5119
4.170794486999512,,15,5129
4.047926425933838,,15,5139
4.033143043518066,,15,5149
4.0597381591796875,,15,5159
4.145292282104492,,15,5169
4.082437515258789,,15,5179
4.067296504974365,,15,5189
4.032486438751221,,15,5199
4.093101501464844,,15,5209
4.084097385406494,,15,5219
4.082699298858643,,15,5229
4.083460807800293,,15,5239
4.097908973693848,,15,5249
4.125037670135498,,15,5259
4.052919387817383,,15,5269
4.070265293121338,,15,5279
4.077943801879883,,15,5289
4.112461566925049,,15,5299
4.076426982879639,,15,5309
,4.094797611236572,15,5311
4.0490546226501465,,16,5319
4.077210426330566,,16,5329
4.129483699798584,,16,5339
4.056713581085205,,16,5349
4.035878658294678,,16,5359
4.101327896118164,,16,5369
4.171876430511475,,16,5379
4.08720588684082,,16,5389
4.1669111251831055,,16,5399
4.102614879608154,,16,5409
4.0570878982543945,,16,5419
4.178395748138428,,16,5429
4.089996814727783,,16,5439
4.094263076782227,,16,5449
4.071805477142334,,16,5459
4.1700439453125,,16,5469
4.056863784790039,,16,5479
4.090389251708984,,16,5489
4.044207572937012,,16,5499
4.009554386138916,,16,5509
4.110109806060791,,16,5519
4.079281330108643,,16,5529
4.156700134277344,,16,5539
4.06216287612915,,16,5549
4.174543857574463,,16,5559
4.098626613616943,,16,5569
4.167736530303955,,16,5579
4.163088798522949,,16,5589
4.157582759857178,,16,5599
4.090388774871826,,16,5609
4.074962615966797,,16,5619
4.115841388702393,,16,5629
4.046178340911865,,16,5639
,4.090439796447754,16,5643
4.1078715324401855,,17,5649
4.129203796386719,,17,5659
4.034943580627441,,17,5669
4.094954013824463,,17,5679
4.189272880554199,,17,5689
4.063281536102295,,17,5699
4.065343856811523,,17,5709
4.085542678833008,,17,5719
4.07534646987915,,17,5729
4.162227153778076,,17,5739
4.091531276702881,,17,5749
4.101090431213379,,17,5759
4.053582668304443,,17,5769
4.079775810241699,,17,5779
4.1113667488098145,,17,5789
4.0659308433532715,,17,5799
4.070953845977783,,17,5809
4.193014621734619,,17,5819
4.076748371124268,,17,5829
4.026997089385986,,17,5839
4.143942356109619,,17,5849
4.055269718170166,,17,5859
4.074619293212891,,17,5869
4.165657997131348,,17,5879
4.102009296417236,,17,5889
4.080092906951904,,17,5899
4.071752548217773,,17,5909
4.092546463012695,,17,5919
4.018007755279541,,17,5929
4.151607036590576,,17,5939
4.011789321899414,,17,5949
4.106898784637451,,17,5959
4.036534786224365,,17,5969
,4.086075782775879,17,5975
4.091248035430908,,18,5979
4.082053184509277,,18,5989
4.0790581703186035,,18,5999
4.070258617401123,,18,6009
4.111968994140625,,18,6019
4.035043716430664,,18,6029
4.032777786254883,,18,6039
4.099576950073242,,18,6049
4.090219497680664,,18,6059
4.0111799240112305,,18,6069
4.122958183288574,,18,6079
4.115760803222656,,18,6089
4.067276477813721,,18,6099
4.050611972808838,,18,6109
4.08134126663208,,18,6119
4.096822261810303,,18,6129
3.996497631072998,,18,6139
4.104344844818115,,18,6149
4.111393451690674,,18,6159
4.067192554473877,,18,6169
4.112239360809326,,18,6179
4.117109298706055,,18,6189
4.020709037780762,,18,6199
4.055814266204834,,18,6209
4.111970901489258,,18,6219
4.0980544090271,,18,6229
4.108207702636719,,18,6239
4.06937837600708,,18,6249
4.057042598724365,,18,6259
4.125546932220459,,18,6269
4.124224662780762,,18,6279
4.0737528800964355,,18,6289
4.079448223114014,,18,6299
,4.0761871337890625,18,6307
4.068356990814209,,19,6309
4.04656457901001,,19,6319
4.075212478637695,,19,6329
4.012538909912109,,19,6339
4.099977970123291,,19,6349
4.052034378051758,,19,6359
4.068080425262451,,19,6369
4.073976516723633,,19,6379
4.066408157348633,,19,6389
4.049985885620117,,19,6399
3.984767436981201,,19,6409
4.115603923797607,,19,6419
4.004593372344971,,19,6429
4.099174499511719,,19,6439
4.030704975128174,,19,6449
4.026718616485596,,19,6459
4.067500591278076,,19,6469
4.0244035720825195,,19,6479
4.0077972412109375,,19,6489
3.9955973625183105,,19,6499
3.994426727294922,,19,6509
4.0170111656188965,,19,6519
4.027350902557373,,19,6529
4.024638652801514,,19,6539
4.060184001922607,,19,6549
4.0307464599609375,,19,6559
4.006799697875977,,19,6569
4.033008098602295,,19,6579
4.026828765869141,,19,6589
3.9822490215301514,,19,6599
3.9749419689178467,,19,6609
4.047689914703369,,19,6619
3.9515645503997803,,19,6629
4.002521514892578,,19,6639
,4.039006233215332,19,6639
4.0553202629089355,,20,6649
4.053772449493408,,20,6659
3.9707090854644775,,20,6669
3.976637601852417,,20,6679
4.008029460906982,,20,6689
3.9978039264678955,,20,6699
3.9607391357421875,,20,6709
4.00025749206543,,20,6719
4.057060241699219,,20,6729
3.977895736694336,,20,6739
4.017880916595459,,20,6749
3.959197998046875,,20,6759
3.9775493144989014,,20,6769
4.137218952178955,,20,6779
3.968597888946533,,20,6789
3.994380474090576,,20,6799
3.9429054260253906,,20,6809
4.010617733001709,,20,6819
4.061611652374268,,20,6829
3.9977951049804688,,20,6839
3.9494035243988037,,20,6849
3.9926841259002686,,20,6859
3.9635720252990723,,20,6869
3.9739811420440674,,20,6879
4.008237838745117,,20,6889
3.933835983276367,,20,6899
3.904663562774658,,20,6909
4.009908199310303,,20,6919
4.003178596496582,,20,6929
4.01308012008667,,20,6939
3.9044103622436523,,20,6949
4.018847942352295,,20,6959
4.016171455383301,,20,6969
,3.9937243461608887,20,6971
4.004516124725342,,21,6979
3.9864213466644287,,21,6989
3.9162304401397705,,21,6999
3.8963067531585693,,21,7009
3.915701150894165,,21,7019
3.9718101024627686,,21,7029
3.9774229526519775,,21,7039
3.95749568939209,,21,7049
3.9704179763793945,,21,7059
3.904489040374756,,21,7069
3.923565626144409,,21,7079
3.959827184677124,,21,7089
3.8972630500793457,,21,7099
3.963505268096924,,21,7109
3.926936626434326,,21,7119
3.9675042629241943,,21,7129
3.9409708976745605,,21,7139
3.919677734375,,21,7149
3.905271530151367,,21,7159
3.9114227294921875,,21,7169
3.932080030441284,,21,7179
3.9403064250946045,,21,7189
3.8844120502471924,,21,7199
4.027222156524658,,21,7209
3.93918514251709,,21,7219
3.893155336380005,,21,7229
3.9548559188842773,,21,7239
3.96358323097229,,21,7249
3.8774943351745605,,21,7259
3.9332146644592285,,21,7269
4.040891647338867,,21,7279
3.8864219188690186,,21,7289
3.9556829929351807,,21,7299
,3.946183681488037,21,7303
3.944553852081299,,22,7309
3.8545260429382324,,22,7319
3.912386417388916,,22,7329
3.8718512058258057,,22,7339
3.917677164077759,,22,7349
3.924103021621704,,22,7359
3.906057596206665,,22,7369
3.91457200050354,,22,7379
3.8635566234588623,,22,7389
3.908790111541748,,22,7399
3.822072744369507,,22,7409
3.931326150894165,,22,7419
3.9395463466644287,,22,7429
3.876005172729492,,22,7439
3.9117980003356934,,22,7449
3.86747145652771,,22,7459
3.9273064136505127,,22,7469
3.95455002784729,,22,7479
3.8918943405151367,,22,7489
3.906794309616089,,22,7499
3.8832855224609375,,22,7509
3.8584847450256348,,22,7519
3.846317768096924,,22,7529
3.8538615703582764,,22,7539
3.8927342891693115,,22,7549
3.9442391395568848,,22,7559
3.8840932846069336,,22,7569
3.8892621994018555,,22,7579
3.8406596183776855,,22,7589
3.888352870941162,,22,7599
3.884615898132324,,22,7609
3.8234405517578125,,22,7619
3.8803539276123047,,22,7629
,3.8922412395477295,22,7635
3.8026084899902344,,23,7639
3.8299005031585693,,23,7649
3.875352621078491,,23,7659
3.819908380508423,,23,7669
3.794220447540283,,23,7679
3.863966941833496,,23,7689
3.912841796875,,23,7699
3.900439977645874,,23,7709
3.8298449516296387,,23,7719
3.862269163131714,,23,7729
3.8887150287628174,,23,7739
3.818474531173706,,23,7749
3.7344958782196045,,23,7759
3.811957836151123,,23,7769
3.782799005508423,,23,7779
3.7963573932647705,,23,7789
3.8728020191192627,,23,7799
3.8947384357452393,,23,7809
3.844928741455078,,23,7819
3.7705323696136475,,23,7829
3.8402721881866455,,23,7839
3.80641770362854,,23,7849
3.7745702266693115,,23,7859
3.887779951095581,,23,7869
3.8308613300323486,,23,7879
3.8205559253692627,,23,7889
3.8231396675109863,,23,7899
3.8422353267669678,,23,7909
3.766127347946167,,23,7919
3.8064067363739014,,23,7929
3.825577974319458,,23,7939
3.8806097507476807,,23,7949
3.8101682662963867,,23,7959
,3.832991123199463,23,7967
3.7558703422546387,,24,7969
3.7802958488464355,,24,7979
3.73907732963562,,24,7989
3.844761848449707,,24,7999
3.755133867263794,,24,8009
3.8103528022766113,,24,8019
3.8197686672210693,,24,8029
3.81125545501709,,24,8039
3.8587827682495117,,24,8049
3.7434282302856445,,24,8059
3.7253291606903076,,24,8069
3.732163906097412,,24,8079
3.819364547729492,,24,8089
3.7697625160217285,,24,8099
3.8154869079589844,,24,8109
3.7656807899475098,,24,8119
3.7456538677215576,,24,8129
3.7692067623138428,,24,8139
3.772162914276123,,24,8149
3.80490779876709,,24,8159
3.7494945526123047,,24,8169
3.767590045928955,,24,8179
3.793804883956909,,24,8189
3.7153544425964355,,24,8199
3.795095205307007,,24,8209
3.8355889320373535,,24,8219
3.734466552734375,,24,8229
3.7734594345092773,,24,8239
3.760129928588867,,24,8249
3.6993138790130615,,24,8259
3.76952862739563,,24,8269
3.71604061126709,,24,8279
3.7138328552246094,,24,8289
3.7609081268310547,,24,8299
,3.782484531402588,24,8299
3.800337553024292,,25,8309
3.6934123039245605,,25,8319
3.7638142108917236,,25,8329
3.7131175994873047,,25,8339
3.7178475856781006,,25,8349
3.7292659282684326,,25,8359
3.6961326599121094,,25,8369
3.771914005279541,,25,8379
3.746685028076172,,25,8389
3.7423558235168457,,25,8399
3.722135543823242,,25,8409
3.766247272491455,,25,8419
3.7537713050842285,,25,8429
3.749811887741089,,25,8439
3.794443368911743,,25,8449
3.67149019241333,,25,8459
3.75396466255188,,25,8469
3.7672557830810547,,25,8479
3.802483320236206,,25,8489
3.7226369380950928,,25,8499
3.730516195297241,,25,8509
3.6807069778442383,,25,8519
3.6885881423950195,,25,8529
3.721161365509033,,25,8539
3.704850912094116,,25,8549
3.809541940689087,,25,8559
3.7166972160339355,,25,8569
3.700711488723755,,25,8579
3.743041515350342,,25,8589
3.785586357116699,,25,8599
3.7037618160247803,,25,8609
3.76371693611145,,25,8619
3.702690839767456,,25,8629
,3.733255386352539,25,8631
3.777167558670044,,26,8639
3.7178685665130615,,26,8649
3.724546432495117,,26,8659
3.7245771884918213,,26,8669
3.67051100730896,,26,8679
3.670600175857544,,26,8689
3.6503100395202637,,26,8699
3.684877634048462,,26,8709
3.684873342514038,,26,8719
3.6492795944213867,,26,8729
3.6278140544891357,,26,8739
3.6000020503997803,,26,8749
3.630936861038208,,26,8759
3.6533169746398926,,26,8769
3.6408421993255615,,26,8779
3.698049783706665,,26,8789
3.682529926300049,,26,8799
3.62969970703125,,26,8809
3.7289702892303467,,26,8819
3.6535563468933105,,26,8829
3.726602792739868,,26,8839
3.665078639984131,,26,8849
3.6586101055145264,,26,8859
3.6905596256256104,,26,8869
3.662156343460083,,26,8879
3.7159667015075684,,26,8889
3.6775901317596436,,26,8899
3.632585287094116,,26,8909
3.6975841522216797,,26,8919
3.6272637844085693,,26,8929
3.636566638946533,,26,8939
3.637816905975342,,26,8949
3.682706117630005,,26,8959
,3.688120126724243,26,8963
3.636148691177368,,27,8969
3.6592354774475098,,27,8979
3.648409128189087,,27,8989
3.6756935119628906,,27,8999
3.627281665802002,,27,9009
3.610905647277832,,27,9019
3.6883745193481445,,27,9029
3.7124950885772705,,27,9039
3.5846734046936035,,27,9049
3.680173873901367,,27,9059
3.6457836627960205,,27,9069
3.646705150604248,,27,9079
3.6542086601257324,,27,9089
3.7167794704437256,,27,9099
3.63098406791687,,27,9109
3.6380937099456787,,27,9119
3.714738607406616,,27,9129
3.61749267578125,,27,9139
3.6715691089630127,,27,9149
3.6800010204315186,,27,9159
3.628246307373047,,27,9169
3.6237847805023193,,27,9179
3.6113569736480713,,27,9189
3.610140562057495,,27,9199
3.628851890563965,,27,9209
3.646543264389038,,27,9219
3.668952226638794,,27,9229
3.6327006816864014,,27,9239
3.61761736869812,,27,9249
3.598914384841919,,27,9259
3.616844415664673,,27,9269
3.6806559562683105,,27,9279
3.6581764221191406,,27,9289
,3.662457227706909,27,9295
3.6276674270629883,,28,9299
3.5970981121063232,,28,9309
3.6485209465026855,,28,9319
3.6350884437561035,,28,9329
3.692375421524048,,28,9339
3.6484391689300537,,28,9349
3.588271141052246,,28,9359
3.6791863441467285,,28,9369
3.667853355407715,,28,9379
3.6573052406311035,,28,9389
3.5939996242523193,,28,9399
3.6200594902038574,,28,9409
3.5835530757904053,,28,9419
3.644667863845825,,28,9429
3.5808730125427246,,28,9439
3.6315934658050537,,28,9449
3.695247173309326,,28,9459
3.629301071166992,,28,9469
3.6161694526672363,,28,9479
3.5714187622070312,,28,9489
3.6349761486053467,,28,9499
3.5862245559692383,,28,9509
3.5329506397247314,,28,9519
3.6191351413726807,,28,9529
3.620182514190674,,28,9539
3.6360418796539307,,28,9549
3.6251721382141113,,28,9559
3.673004150390625,,28,9569
3.6013505458831787,,28,9579
3.638552665710449,,28,9589
3.6972508430480957,,28,9599
3.6342320442199707,,28,9609
3.6015090942382812,,28,9619
,3.631981372833252,28,9627
3.5648229122161865,,29,9629
3.580416679382324,,29,9639
3.6084513664245605,,29,9649
3.696269989013672,,29,9659
3.564453601837158,,29,9669
3.5583999156951904,,29,9679
3.5817315578460693,,29,9689
3.57106876373291,,29,9699
3.6337547302246094,,29,9709
3.5850744247436523,,29,9719
3.6007473468780518,,29,9729
3.608849048614502,,29,9739
3.5998263359069824,,29,9749
3.571889877319336,,29,9759
3.604764223098755,,29,9769
3.629850387573242,,29,9779
3.5896623134613037,,29,9789
3.612208843231201,,29,9799
3.5295653343200684,,29,9809
3.592698574066162,,29,9819
3.6826865673065186,,29,9829
3.5599148273468018,,29,9839
3.6387059688568115,,29,9849
3.6211202144622803,,29,9859
3.679388999938965,,29,9869
3.629263162612915,,29,9879
3.595435619354248,,29,9889
3.53029727935791,,29,9899
3.6344218254089355,,29,9909
3.5658633708953857,,29,9919
3.593822479248047,,29,9929
3.492751359939575,,29,9939
3.580613851547241,,29,9949
3.5890018939971924,,29,9959
,3.603372097015381,29,9959
3.6378543376922607,,30,9969
3.561290740966797,,30,9979
3.5450878143310547,,30,9989
3.5691773891448975,,30,9999
3.526599645614624,,30,10009
3.633924722671509,,30,10019
3.554795742034912,,30,10029
3.6329991817474365,,30,10039
3.5328168869018555,,30,10049
3.569847583770752,,30,10059
3.5526609420776367,,30,10069
3.6146812438964844,,30,10079
3.652381420135498,,30,10089
3.6389312744140625,,30,10099
3.6435301303863525,,30,10109
3.5327095985412598,,30,10119
3.603642463684082,,30,10129
3.6333868503570557,,30,10139
3.732618570327759,,30,10149
3.5674889087677,,30,10159
3.59499454498291,,30,10169
3.5888431072235107,,30,10179
3.5863733291625977,,30,10189
3.7075657844543457,,30,10199
3.600372791290283,,30,10209
3.57146954536438,,30,10219
3.6192266941070557,,30,10229
3.664530038833618,,30,10239
3.593813419342041,,30,10249
3.621148109436035,,30,10259
3.586491107940674,,30,10269
3.646836519241333,,30,10279
3.57011342048645,,30,10289
,3.5936708450317383,30,10291
3.5559980869293213,,31,10299
3.6176328659057617,,31,10309
3.5594635009765625,,31,10319
3.712430238723755,,31,10329
3.6315417289733887,,31,10339
3.5205137729644775,,31,10349
3.5077574253082275,,31,10359
3.50762677192688,,31,10369
3.557866334915161,,31,10379
3.5705325603485107,,31,10389
3.571834087371826,,31,10399
3.5905723571777344,,31,10409
3.5665392875671387,,31,10419
3.542813539505005,,31,10429
3.5686450004577637,,31,10439
3.5345165729522705,,31,10449
3.5755696296691895,,31,10459
3.540963649749756,,31,10469
3.490231513977051,,31,10479
3.5610034465789795,,31,10489
3.517033576965332,,31,10499
3.61191463470459,,31,10509
3.5058610439300537,,31,10519
3.5004758834838867,,31,10529
3.486088991165161,,31,10539
3.5361950397491455,,31,10549
3.5337932109832764,,31,10559
3.548906087875366,,31,10569
3.6002941131591797,,31,10579
3.556270122528076,,31,10589
3.555044412612915,,31,10599
3.563047409057617,,31,10609
3.4701483249664307,,31,10619
,3.5637400150299072,31,10623
3.492638111114502,,32,10629
3.546267032623291,,32,10639
3.5382165908813477,,32,10649
3.5945069789886475,,32,10659
3.5615196228027344,,32,10669
3.4903831481933594,,32,10679
3.4683971405029297,,32,10689
3.5045812129974365,,32,10699
3.542912006378174,,32,10709
3.579808235168457,,32,10719
3.5397191047668457,,32,10729
3.504070281982422,,32,10739
3.5561463832855225,,32,10749
3.6079256534576416,,32,10759
3.49712872505188,,32,10769
3.529555559158325,,32,10779
3.588038206100464,,32,10789
3.625633716583252,,32,10799
3.5290346145629883,,32,10809
3.573826551437378,,32,10819
3.4735515117645264,,32,10829
3.5710437297821045,,32,10839
3.6430070400238037,,32,10849
3.5694520473480225,,32,10859
3.5795464515686035,,32,10869
3.5387866497039795,,32,10879
3.5800750255584717,,32,10889
3.534823417663574,,32,10899
3.5819554328918457,,32,10909
3.5476512908935547,,32,10919
3.5121214389801025,,32,10929
3.531942367553711,,32,10939
3.544743299484253,,32,10949
,3.5442545413970947,32,10955
3.4701507091522217,,33,10959
3.481621742248535,,33,10969
3.5231878757476807,,33,10979
3.5577187538146973,,33,10989
3.5297961235046387,,33,10999
3.5457894802093506,,33,11009
3.4560015201568604,,33,11019
3.527865171432495,,33,11029
3.640317916870117,,33,11039
3.502128839492798,,33,11049
3.532975912094116,,33,11059
3.4333906173706055,,33,11069
3.45656681060791,,33,11079
3.4819536209106445,,33,11089
3.4876959323883057,,33,11099
3.4907782077789307,,33,11109
3.5591137409210205,,33,11119
3.519085645675659,,33,11129
3.537109613418579,,33,11139
3.4392809867858887,,33,11149
3.4869396686553955,,33,11159
3.5323643684387207,,33,11169
3.5616633892059326,,33,11179
3.5865910053253174,,33,11189
3.5782124996185303,,33,11199
3.4762539863586426,,33,11209
3.4836766719818115,,33,11219
3.507317543029785,,33,11229
3.532442808151245,,33,11239
3.51564884185791,,33,11249
3.489165782928467,,33,11259
3.543156623840332,,33,11269
3.476165294647217,,33,11279
,3.521679162979126,33,11287
3.5568597316741943,,34,11289
3.4809367656707764,,34,11299
3.5347132682800293,,34,11309
3.4621477127075195,,34,11319
3.52894926071167,,34,11329
3.49914288520813,,34,11339
3.5013298988342285,,34,11349
3.4687156677246094,,34,11359
3.4384288787841797,,34,11369
3.5373218059539795,,34,11379
3.4469099044799805,,34,11389
3.5272185802459717,,34,11399
3.4209115505218506,,34,11409
3.45000958442688,,34,11419
3.4983465671539307,,34,11429
3.4921071529388428,,34,11439
3.5498595237731934,,34,11449
3.510356903076172,,34,11459
3.4902355670928955,,34,11469
3.505441188812256,,34,11479
3.461376190185547,,34,11489
3.487673282623291,,34,11499
3.5892302989959717,,34,11509
3.494204044342041,,34,11519
3.50604248046875,,34,11529
3.506174325942993,,34,11539
3.5690340995788574,,34,11549
3.4787988662719727,,34,11559
3.4791054725646973,,34,11569
3.5916454792022705,,34,11579
3.539332151412964,,34,11589
3.502072334289551,,34,11599
3.5042545795440674,,34,11609
3.497551918029785,,34,11619
,3.500519037246704,34,11619
3.4722838401794434,,35,11629
3.4948198795318604,,35,11639
3.5183372497558594,,35,11649
3.474468946456909,,35,11659
3.452927827835083,,35,11669
3.500866413116455,,35,11679
3.5146892070770264,,35,11689
3.4469175338745117,,35,11699
3.4761555194854736,,35,11709
3.5635225772857666,,35,11719
3.449312925338745,,35,11729
3.5664939880371094,,35,11739
3.4632649421691895,,35,11749
3.4880244731903076,,35,11759
3.428205728530884,,35,11769
3.527026891708374,,35,11779
3.516535520553589,,35,11789
3.4757418632507324,,35,11799
3.5665764808654785,,35,11809
3.435300827026367,,35,11819
3.4356517791748047,,35,11829
3.5256187915802,,35,11839
3.513003349304199,,35,11849
3.4640512466430664,,35,11859
3.4694459438323975,,35,11869
3.4409518241882324,,35,11879
3.4544384479522705,,35,11889
3.460207462310791,,35,11899
3.445706367492676,,35,11909
3.4411122798919678,,35,11919
3.5032124519348145,,35,11929
3.4925537109375,,35,11939
3.5221405029296875,,35,11949
,3.48960280418396,35,11951
3.4277026653289795,,36,11959
3.4543986320495605,,36,11969
3.510404586791992,,36,11979
3.5371296405792236,,36,11989
3.491861581802368,,36,11999
3.4875450134277344,,36,12009
3.5749707221984863,,36,12019
3.527521848678589,,36,12029
3.584625482559204,,36,12039
3.4405908584594727,,36,12049
3.416698455810547,,36,12059
3.4795265197753906,,36,12069
3.564570903778076,,36,12079
3.5046679973602295,,36,12089
3.440246820449829,,36,12099
3.4426519870758057,,36,12109
3.464529275894165,,36,12119
3.5102593898773193,,36,12129
3.486058473587036,,36,12139
3.440294027328491,,36,12149
3.47286057472229,,36,12159
3.4860987663269043,,36,12169
3.534273624420166,,36,12179
3.51590633392334,,36,12189
3.553220748901367,,36,12199
3.5581958293914795,,36,12209
3.4886109828948975,,36,12219
3.491039276123047,,36,12229
3.455277919769287,,36,12239
3.4237213134765625,,36,12249
3.646728515625,,36,12259
3.5350735187530518,,36,12269
3.4862186908721924,,36,12279
,3.487306833267212,36,12283
3.5978496074676514,,37,12289
3.536287784576416,,37,12299
3.5145933628082275,,37,12309
3.4604387283325195,,37,12319
3.4432225227355957,,37,12329
3.437596321105957,,37,12339
3.4976842403411865,,37,12349
3.483309745788574,,37,12359
3.47760009765625,,37,12369
3.4900383949279785,,37,12379
3.4613311290740967,,37,12389
3.517186164855957,,37,12399
3.4749395847320557,,37,12409
3.417046546936035,,37,12419
3.3775322437286377,,37,12429
3.48329758644104,,37,12439
3.36641526222229,,37,12449
3.520899772644043,,37,12459
3.501765251159668,,37,12469
3.452092409133911,,37,12479
3.535146474838257,,37,12489
3.414740562438965,,37,12499
3.4443905353546143,,37,12509
3.3736963272094727,,37,12519
3.4981846809387207,,37,12529
3.4649083614349365,,37,12539
3.5132927894592285,,37,12549
3.412571668624878,,37,12559
3.413187265396118,,37,12569
3.452946662902832,,37,12579
3.5601415634155273,,37,12589
3.428438425064087,,37,12599
3.477813243865967,,37,12609
,3.4567291736602783,37,12615
3.4318461418151855,,38,12619
3.465365171432495,,38,12629
3.492274045944214,,38,12639
3.62088680267334,,38,12649
3.3902342319488525,,38,12659
3.4353857040405273,,38,12669
3.5536937713623047,,38,12679
3.4728715419769287,,38,12689
3.408189058303833,,38,12699
3.4783263206481934,,38,12709
3.456212043762207,,38,12719
3.45123553276062,,38,12729
3.4442906379699707,,38,12739
3.3885574340820312,,38,12749
3.414273500442505,,38,12759
3.422248363494873,,38,12769
3.504462480545044,,38,12779
3.364793062210083,,38,12789
3.5051305294036865,,38,12799
3.4501988887786865,,38,12809
3.3841867446899414,,38,12819
3.4235620498657227,,38,12829
3.5424296855926514,,38,12839
3.470479726791382,,38,12849
3.4179742336273193,,38,12859
3.482621431350708,,38,12869
3.450921058654785,,38,12879
3.3948962688446045,,38,12889
3.4649462699890137,,38,12899
3.3990068435668945,,38,12909
3.37947678565979,,38,12919
3.507749557495117,,38,12929
3.4604735374450684,,38,12939
,3.4572274684906006,38,12947
3.332041025161743,,39,12949
3.4040958881378174,,39,12959
3.4049878120422363,,39,12969
3.4979655742645264,,39,12979
3.468116044998169,,39,12989
3.4147253036499023,,39,12999
3.439380407333374,,39,13009
3.431108236312866,,39,13019
3.4681613445281982,,39,13029
3.34306001663208,,39,13039
3.448418140411377,,39,13049
3.4293811321258545,,39,13059
3.458747386932373,,39,13069
3.5173723697662354,,39,13079
3.499615430831909,,39,13089
3.5265612602233887,,39,13099
3.365798234939575,,39,13109
3.3788869380950928,,39,13119
3.3690710067749023,,39,13129
3.43935227394104,,39,13139
3.4158124923706055,,39,13149
3.367546319961548,,39,13159
3.3661110401153564,,39,13169
3.3870162963867188,,39,13179
3.4220333099365234,,39,13189
3.4149672985076904,,39,13199
3.3318655490875244,,39,13209
3.455059051513672,,39,13219
3.4133903980255127,,39,13229
3.4420158863067627,,39,13239
3.3989176750183105,,39,13249
3.4007961750030518,,39,13259
3.3804850578308105,,39,13269
3.3820905685424805,,39,13279
,3.448594093322754,39,13279
3.4615612030029297,,40,13289
3.4582700729370117,,40,13299
3.364018678665161,,40,13309
3.4436419010162354,,40,13319
3.5279719829559326,,40,13329
3.398186683654785,,40,13339
3.4295873641967773,,40,13349
3.5637927055358887,,40,13359
3.35896897315979,,40,13369
3.4006996154785156,,40,13379
3.437143087387085,,40,13389
3.4273595809936523,,40,13399
3.466566801071167,,40,13409
3.4265224933624268,,40,13419
3.47214937210083,,40,13429
3.4653944969177246,,40,13439
3.5714902877807617,,40,13449
3.5414438247680664,,40,13459
3.4926953315734863,,40,13469
3.427576780319214,,40,13479
3.4574828147888184,,40,13489
3.5368001461029053,,40,13499
3.471100091934204,,40,13509
3.4500532150268555,,40,13519
3.4199719429016113,,40,13529
3.4461450576782227,,40,13539
3.3847081661224365,,40,13549
3.526637554168701,,40,13559
3.3893678188323975,,40,13569
3.4420437812805176,,40,13579
3.473790168762207,,40,13589
3.454904317855835,,40,13599
3.3713936805725098,,40,13609
,3.4501068592071533,40,13611
3.3693480491638184,,41,13619
3.493173837661743,,41,13629
3.390322208404541,,41,13639
3.4055233001708984,,41,13649
3.477764844894409,,41,13659
3.5441551208496094,,41,13669
3.413747549057007,,41,13679
3.514455556869507,,41,13689
3.4430911540985107,,41,13699
3.5808684825897217,,41,13709
3.392033100128174,,41,13719
3.529547691345215,,41,13729
3.5222864151000977,,41,13739
3.457087278366089,,41,13749
3.425173282623291,,41,13759
3.3960065841674805,,41,13769
3.4560275077819824,,41,13779
3.420715570449829,,41,13789
3.38199782371521,,41,13799
3.538440704345703,,41,13809
3.4411439895629883,,41,13819
3.390389919281006,,41,13829
3.449167013168335,,41,13839
3.434258460998535,,41,13849
3.3953280448913574,,41,13859
3.3917250633239746,,41,13869
3.4719743728637695,,41,13879
3.393246650695801,,41,13889
3.4553911685943604,,41,13899
3.438629627227783,,41,13909
3.4358620643615723,,41,13919
3.403017282485962,,41,13929
3.4349377155303955,,41,13939
,3.4488022327423096,41,13943
3.4119393825531006,,42,13949
3.4028966426849365,,42,13959
3.3963327407836914,,42,13969
3.389406681060791,,42,13979
3.468903064727783,,42,13989
3.4857027530670166,,42,13999
3.431032657623291,,42,14009
3.4809517860412598,,42,14019
3.4235823154449463,,42,14029
3.5884203910827637,,42,14039
3.398729085922241,,42,14049
3.3969573974609375,,42,14059
3.4371654987335205,,42,14069
3.445451021194458,,42,14079
3.570284366607666,,42,14089
3.4178385734558105,,42,14099
3.4684956073760986,,42,14109
3.4162967205047607,,42,14119
3.5147056579589844,,42,14129
3.4850213527679443,,42,14139
3.4614057540893555,,42,14149
3.449474811553955,,42,14159
3.513505220413208,,42,14169
3.4168848991394043,,42,14179
3.4419970512390137,,42,14189
3.546107769012451,,42,14199
3.4377331733703613,,42,14209
3.393916130065918,,42,14219
3.431180238723755,,42,14229
3.4167115688323975,,42,14239
3.398451566696167,,42,14249
3.4864208698272705,,42,14259
3.4459216594696045,,42,14269
,3.447323799133301,42,14275
3.4252967834472656,,43,14279
3.5293235778808594,,43,14289
3.427168846130371,,43,14299
3.4843850135803223,,43,14309
3.450101852416992,,43,14319
3.4725751876831055,,43,14329
3.4561407566070557,,43,14339
3.4705090522766113,,43,14349
3.408196449279785,,43,14359
3.4821531772613525,,43,14369
3.3480443954467773,,43,14379
3.5044806003570557,,43,14389
3.433539628982544,,43,14399
3.422283887863159,,43,14409
3.346996784210205,,43,14419
3.3828301429748535,,43,14429
3.4273862838745117,,43,14439
3.464829444885254,,43,14449
3.4997334480285645,,43,14459
3.492997884750366,,43,14469
3.453036308288574,,43,14479
3.327385187149048,,43,14489
3.4566221237182617,,43,14499
3.4123029708862305,,43,14509
3.4915807247161865,,43,14519
3.5694847106933594,,43,14529
3.5101890563964844,,43,14539
3.5049843788146973,,43,14549
3.4532361030578613,,43,14559
3.450756788253784,,43,14569
3.442918062210083,,43,14579
3.462247133255005,,43,14589
3.5859947204589844,,43,14599
,3.4521355628967285,43,14607
3.387363910675049,,44,14609
3.554945230484009,,44,14619
3.464754343032837,,44,14629
3.5845232009887695,,44,14639
3.5151546001434326,,44,14649
3.540581703186035,,44,14659
3.4241044521331787,,44,14669
3.509676218032837,,44,14679
3.505134105682373,,44,14689
3.593266010284424,,44,14699
3.443450927734375,,44,14709
3.4726109504699707,,44,14719
3.480524778366089,,44,14729
3.467104911804199,,44,14739
3.400991678237915,,44,14749
3.4492132663726807,,44,14759
3.4287664890289307,,44,14769
3.4338958263397217,,44,14779
3.511929750442505,,44,14789
3.467456579208374,,44,14799
3.390695095062256,,44,14809
3.4168007373809814,,44,14819
3.430968761444092,,44,14829
3.4765989780426025,,44,14839
3.3952693939208984,,44,14849
3.4000210762023926,,44,14859
3.462366819381714,,44,14869
3.473468542098999,,44,14879
3.541388511657715,,44,14889
3.455441474914551,,44,14899
3.514697790145874,,44,14909
3.4429736137390137,,44,14919
3.4244816303253174,,44,14929
3.482579231262207,,44,14939
,3.4590821266174316,44,14939
3.55340313911438,,45,14949
3.3891525268554688,,45,14959
3.550908088684082,,45,14969
3.4259562492370605,,45,14979
3.4607512950897217,,45,14989
3.5610616207122803,,45,14999
3.469715118408203,,45,15009
3.5038461685180664,,45,15019
3.4602863788604736,,45,15029
3.454413890838623,,45,15039
3.4336390495300293,,45,15049
3.4670329093933105,,45,15059
3.414897918701172,,45,15069
3.4191370010375977,,45,15079
3.4521288871765137,,45,15089
3.5026543140411377,,45,15099
3.490001678466797,,45,15109
3.5359890460968018,,45,15119
3.510246515274048,,45,15129
3.473618745803833,,45,15139
3.523864984512329,,45,15149
3.483934164047241,,45,15159
3.52583909034729,,45,15169
3.523104190826416,,45,15179
3.4256041049957275,,45,15189
3.4201598167419434,,45,15199
3.445889711380005,,45,15209
3.534881591796875,,45,15219
3.5228021144866943,,45,15229
3.6450140476226807,,45,15239
3.442470073699951,,45,15249
3.5178112983703613,,45,15259
3.4145383834838867,,45,15269
,3.4715781211853027,45,15271
3.4213685989379883,,46,15279
3.593534231185913,,46,15289
3.491504192352295,,46,15299
3.3995213508605957,,46,15309
3.380568265914917,,46,15319
3.4688572883605957,,46,15329
3.497270345687866,,46,15339
3.4540040493011475,,46,15349
3.391721725463867,,46,15359
3.4740169048309326,,46,15369
3.533952474594116,,46,15379
3.4809489250183105,,46,15389
3.4016811847686768,,46,15399
3.4692656993865967,,46,15409
3.5421056747436523,,46,15419
3.389677047729492,,46,15429
3.4031240940093994,,46,15439
3.538583993911743,,46,15449
3.3885717391967773,,46,15459
3.570338726043701,,46,15469
3.469823122024536,,46,15479
3.431509256362915,,46,15489
3.5256175994873047,,46,15499
3.5203802585601807,,46,15509
3.4121556282043457,,46,15519
3.4228105545043945,,46,15529
3.382718801498413,,46,15539
3.5212483406066895,,46,15549
3.384920358657837,,46,15559
3.478013038635254,,46,15569
3.4545977115631104,,46,15579
3.5386693477630615,,46,15589
3.519700288772583,,46,15599
,3.4640297889709473,46,15603
3.360085964202881,,47,15609
3.488149881362915,,47,15619
3.51220703125,,47,15629
3.458523988723755,,47,15639
3.494929075241089,,47,15649
3.4394311904907227,,47,15659
3.421633720397949,,47,15669
3.42840576171875,,47,15679
3.476213216781616,,47,15689
3.3327457904815674,,47,15699
3.5030083656311035,,47,15709
3.4576754570007324,,47,15719
3.370366096496582,,47,15729
3.462456703186035,,47,15739
3.4547839164733887,,47,15749
3.4997591972351074,,47,15759
3.479377269744873,,47,15769
3.436671018600464,,47,15779
3.458402395248413,,47,15789
3.5184221267700195,,47,15799
3.4386472702026367,,47,15809
3.4364311695098877,,47,15819
3.410757064819336,,47,15829
3.4169981479644775,,47,15839
3.4158928394317627,,47,15849
3.4484572410583496,,47,15859
3.5332818031311035,,47,15869
3.6096789836883545,,47,15879
3.522646903991699,,47,15889
3.4050023555755615,,47,15899
3.457089424133301,,47,15909
3.554969072341919,,47,15919
3.561595916748047,,47,15929
,3.4610519409179688,47,15935
3.4649577140808105,,48,15939
3.4514598846435547,,48,15949
3.5008974075317383,,48,15959
3.5307445526123047,,48,15969
3.505502939224243,,48,15979
3.429356336593628,,48,15989
3.5194597244262695,,48,15999
3.351921319961548,,48,16009
3.580064535140991,,48,16019
3.403780460357666,,48,16029
3.3508551120758057,,48,16039
3.443727970123291,,48,16049
3.5360937118530273,,48,16059
3.44608998298645,,48,16069
3.4815897941589355,,48,16079
3.452341318130493,,48,16089
3.3768551349639893,,48,16099
3.350921869277954,,48,16109
3.4717423915863037,,48,16119
3.3595433235168457,,48,16129
3.440706729888916,,48,16139
3.5685229301452637,,48,16149
3.4530601501464844,,48,16159
3.4592251777648926,,48,16169
3.515052080154419,,48,16179
3.4748101234436035,,48,16189
3.4952893257141113,,48,16199
3.4976646900177,,48,16209
3.5365970134735107,,48,16219
3.4473845958709717,,48,16229
3.482093334197998,,48,16239
3.442856788635254,,48,16249
3.5122196674346924,,48,16259
,3.4593892097473145,48,16267
3.463275909423828,,49,16269
3.460386276245117,,49,16279
3.458643674850464,,49,16289
3.525085926055908,,49,16299
3.5561649799346924,,49,16309
3.405843496322632,,49,16319
3.4674785137176514,,49,16329
3.514418363571167,,49,16339
3.420518636703491,,49,16349
3.478287935256958,,49,16359
3.5394957065582275,,49,16369
3.492581367492676,,49,16379
3.4404027462005615,,49,16389
3.5679686069488525,,49,16399
3.431469440460205,,49,16409
3.444688558578491,,49,16419
3.4225902557373047,,49,16429
3.4782731533050537,,49,16439
3.4481120109558105,,49,16449
3.502549886703491,,49,16459
3.4854516983032227,,49,16469
3.519712448120117,,49,16479
3.48494815826416,,49,16489
3.430737018585205,,49,16499
3.4021153450012207,,49,16509
3.4468650817871094,,49,16519
3.428382158279419,,49,16529
3.4791414737701416,,49,16539
3.480045795440674,,49,16549
3.4230034351348877,,49,16559
3.543043375015259,,49,16569
3.4303698539733887,,49,16579
3.392764091491699,,49,16589
3.6040170192718506,,49,16599
,3.463982343673706,49,16599
3.402444362640381,,50,16609
3.4389843940734863,,50,16619
3.5325231552124023,,50,16629
3.4763152599334717,,50,16639
3.4043145179748535,,50,16649
3.4360570907592773,,50,16659
3.4152042865753174,,50,16669
3.441990375518799,,50,16679
3.451284646987915,,50,16689
3.4292216300964355,,50,16699
3.4615795612335205,,50,16709
3.4030942916870117,,50,16719
3.5212161540985107,,50,16729
3.422776937484741,,50,16739
3.4816272258758545,,50,16749
3.508572816848755,,50,16759
3.437300682067871,,50,16769
3.3805949687957764,,50,16779
3.54580020904541,,50,16789
3.5284717082977295,,50,16799
3.484713077545166,,50,16809
3.4561734199523926,,50,16819
3.3819963932037354,,50,16829
3.4816746711730957,,50,16839
3.49843692779541,,50,16849
3.4915597438812256,,50,16859
3.5182442665100098,,50,16869
3.4790074825286865,,50,16879
3.5255632400512695,,50,16889
3.4523026943206787,,50,16899
3.4999184608459473,,50,16909
3.480107307434082,,50,16919
3.4381163120269775,,50,16929
,3.450472593307495,50,16931
3.4222898483276367,,51,16939
3.4805333614349365,,51,16949
3.5622715950012207,,51,16959
3.4036865234375,,51,16969
3.453068733215332,,51,16979
3.605562448501587,,51,16989
3.4653308391571045,,51,16999
3.3818724155426025,,51,17009
3.4849464893341064,,51,17019
3.3921191692352295,,51,17029
3.4245786666870117,,51,17039
3.3912112712860107,,51,17049
3.438401937484741,,51,17059
3.4722096920013428,,51,17069
3.421738862991333,,51,17079
3.4371285438537598,,51,17089
3.4412662982940674,,51,17099
3.511281728744507,,51,17109
3.4277219772338867,,51,17119
3.4460623264312744,,51,17129
3.514641046524048,,51,17139
3.49629807472229,,51,17149
3.5116002559661865,,51,17159
3.464437246322632,,51,17169
3.587286949157715,,51,17179
3.4642333984375,,51,17189
3.402841806411743,,51,17199
3.3639402389526367,,51,17209
3.568875312805176,,51,17219
3.4469234943389893,,51,17229
3.3787648677825928,,51,17239
3.5044567584991455,,51,17249
3.437687397003174,,51,17259
,3.4576785564422607,51,17263
3.5297513008117676,,52,17269
3.5703554153442383,,52,17279
3.3802459239959717,,52,17289
3.553330421447754,,52,17299
3.4586174488067627,,52,17309
3.4319567680358887,,52,17319
3.4316227436065674,,52,17329
3.518564462661743,,52,17339
3.523665189743042,,52,17349
3.4872124195098877,,52,17359
3.5276684761047363,,52,17369
3.425055503845215,,52,17379
3.454157590866089,,52,17389
3.520216703414917,,52,17399
3.4196696281433105,,52,17409
3.418022632598877,,52,17419
3.436656951904297,,52,17429
3.3986077308654785,,52,17439
3.408508777618408,,52,17449
3.3628649711608887,,52,17459
3.337916135787964,,52,17469
3.3466601371765137,,52,17479
3.406625986099243,,52,17489
3.364753246307373,,52,17499
3.3260998725891113,,52,17509
3.3678576946258545,,52,17519
3.43084716796875,,52,17529
3.411452054977417,,52,17539
3.57647442817688,,52,17549
3.4950430393218994,,52,17559
3.4552135467529297,,52,17569
3.4572720527648926,,52,17579
3.374013662338257,,52,17589
,3.4345808029174805,52,17595
3.413285732269287,,53,17599
3.546952486038208,,53,17609
3.3508377075195312,,53,17619
3.476614236831665,,53,17629
3.4536848068237305,,53,17639
3.440816640853882,,53,17649
3.3702785968780518,,53,17659
3.3487043380737305,,53,17669
3.478485107421875,,53,17679
3.4162073135375977,,53,17689
3.4702882766723633,,53,17699
3.4249022006988525,,53,17709
3.3870811462402344,,53,17719
3.435300827026367,,53,17729
3.39736270904541,,53,17739
3.4325191974639893,,53,17749
3.471757650375366,,53,17759
3.4710729122161865,,53,17769
3.4318175315856934,,53,17779
3.456402540206909,,53,17789
3.4309327602386475,,53,17799
3.4884071350097656,,53,17809
3.3649613857269287,,53,17819
3.584076404571533,,53,17829
3.5134899616241455,,53,17839
3.4201884269714355,,53,17849
3.493381977081299,,53,17859
3.4829907417297363,,53,17869
3.461559772491455,,53,17879
3.4637835025787354,,53,17889
3.370840072631836,,53,17899
3.4128170013427734,,53,17909
3.4279134273529053,,53,17919
,3.435279607772827,53,17927
3.4003984928131104,,54,17929
3.42641019821167,,54,17939
3.4445927143096924,,54,17949
3.4020988941192627,,54,17959
3.4660022258758545,,54,17969
3.4019994735717773,,54,17979
3.484036445617676,,54,17989
3.436199903488159,,54,17999
3.456280469894409,,54,18009
3.472731351852417,,54,18019
3.399915933609009,,54,18029
3.504600763320923,,54,18039
3.399991989135742,,54,18049
3.4049575328826904,,54,18059
3.28337025642395,,54,18069
3.414301872253418,,54,18079
3.4336564540863037,,54,18089
3.4927432537078857,,54,18099
3.348253011703491,,54,18109
3.3583319187164307,,54,18119
3.495830535888672,,54,18129
3.424355983734131,,54,18139
3.394341468811035,,54,18149
3.4640464782714844,,54,18159
3.43326997756958,,54,18169
3.3403539657592773,,54,18179
3.4139208793640137,,54,18189
3.3651866912841797,,54,18199
3.396972894668579,,54,18209
3.358307361602783,,54,18219
3.438135862350464,,54,18229
3.375706911087036,,54,18239
3.455362558364868,,54,18249
3.3750736713409424,,54,18259
,3.4132044315338135,54,18259
3.3693323135375977,,55,18269
3.4920904636383057,,55,18279
3.36690616607666,,55,18289
3.397847890853882,,55,18299
3.379310131072998,,55,18309
3.4836888313293457,,55,18319
3.362659454345703,,55,18329
3.3172733783721924,,55,18339
3.400014638900757,,55,18349
3.383864402770996,,55,18359
3.415637731552124,,55,18369
3.487893581390381,,55,18379
3.4545257091522217,,55,18389
3.53682279586792,,55,18399
3.4014763832092285,,55,18409
3.466935873031616,,55,18419
3.380471706390381,,55,18429
3.3903591632843018,,55,18439
3.378931760787964,,55,18449
3.42879056930542,,55,18459
3.3573057651519775,,55,18469
3.432473659515381,,55,18479
3.4203529357910156,,55,18489
3.3983724117279053,,55,18499
3.4053454399108887,,55,18509
3.375178098678589,,55,18519
3.3886938095092773,,55,18529
3.346437692642212,,55,18539
3.3680260181427,,55,18549
3.453263521194458,,55,18559
3.4666736125946045,,55,18569
3.342088222503662,,55,18579
3.3878307342529297,,55,18589
,3.39457106590271,55,18591
3.34414005279541,,56,18599
3.41222882270813,,56,18609
3.3798656463623047,,56,18619
3.4132320880889893,,56,18629
3.460026502609253,,56,18639
3.4020042419433594,,56,18649
3.341691255569458,,56,18659
3.403562545776367,,56,18669
3.3852946758270264,,56,18679
3.3727855682373047,,56,18689
3.34405517578125,,56,18699
3.4420225620269775,,56,18709
3.414060354232788,,56,18719
3.4820759296417236,,56,18729
3.402996063232422,,56,18739
3.400752067565918,,56,18749
3.3703746795654297,,56,18759
3.510627269744873,,56,18769
3.3210113048553467,,56,18779
3.361562490463257,,56,18789
3.2928106784820557,,56,18799
3.3227837085723877,,56,18809
3.376009464263916,,56,18819
3.3503215312957764,,56,18829
3.3882036209106445,,56,18839
3.3709356784820557,,56,18849
3.4341282844543457,,56,18859
3.42751145362854,,56,18869
3.312946319580078,,56,18879
3.401439666748047,,56,18889
3.377119302749634,,56,18899
3.4440629482269287,,56,18909
3.398869514465332,,56,18919
,3.387326955795288,56,18923
3.437228202819824,,57,18929
3.400153160095215,,57,18939
3.3361763954162598,,57,18949
3.431577444076538,,57,18959
3.412923574447632,,57,18969
3.3166868686676025,,57,18979
3.415616035461426,,57,18989
3.397616386413574,,57,18999
3.3660616874694824,,57,19009
3.3809609413146973,,57,19019
3.4390857219696045,,57,19029
3.377896308898926,,57,19039
3.293917417526245,,57,19049
3.4519827365875244,,57,19059
3.436671018600464,,57,19069
3.3645849227905273,,57,19079
3.406020164489746,,57,19089
3.364023447036743,,57,19099
3.2688610553741455,,57,19109
3.320441484451294,,57,19119
3.3894405364990234,,57,19129
3.353943109512329,,57,19139
3.33660626411438,,57,19149
3.3798065185546875,,57,19159
3.4259402751922607,,57,19169
3.357200860977173,,57,19179
3.4557158946990967,,57,19189
3.416144847869873,,57,19199
3.3246705532073975,,57,19209
3.440361976623535,,57,19219
3.3500852584838867,,57,19229
3.40687894821167,,57,19239
3.3211543560028076,,57,19249
,3.3810582160949707,57,19255
3.441523313522339,,58,19259
3.3602449893951416,,58,19269
3.404071569442749,,58,19279
3.3718137741088867,,58,19289
3.378772497177124,,58,19299
3.369393825531006,,58,19309
3.397263765335083,,58,19319
3.3399245738983154,,58,19329
3.4521477222442627,,58,19339
3.4275829792022705,,58,19349
3.30844783782959,,58,19359
3.374150037765503,,58,19369
3.4204838275909424,,58,19379
3.400297164916992,,58,19389
3.3214592933654785,,58,19399
3.348010778427124,,58,19409
3.355569362640381,,58,19419
3.3025708198547363,,58,19429
3.4111647605895996,,58,19439
3.3784899711608887,,58,19449
3.3734264373779297,,58,19459
3.3961541652679443,,58,19469
3.312101364135742,,58,19479
3.4013121128082275,,58,19489
3.366377592086792,,58,19499
3.3766472339630127,,58,19509
3.3079988956451416,,58,19519
3.385108470916748,,58,19529
3.4733409881591797,,58,19539
3.344146966934204,,58,19549
3.3214669227600098,,58,19559
3.3745312690734863,,58,19569
3.455634593963623,,58,19579
,3.385226249694824,58,19587
3.3695716857910156,,59,19589
3.4015727043151855,,59,19599
3.3139824867248535,,59,19609
3.373863697052002,,59,19619
3.414945602416992,,59,19629
3.425896644592285,,59,19639
3.479228973388672,,59,19649
3.351700782775879,,59,19659
3.340949296951294,,59,19669
3.354330062866211,,59,19679
3.3677217960357666,,59,19689
3.425907611846924,,59,19699
3.4082696437835693,,59,19709
3.3333797454833984,,59,19719
3.414466381072998,,59,19729
3.402186155319214,,59,19739
3.432668447494507,,59,19749
3.3173418045043945,,59,19759
3.321566343307495,,59,19769
3.3624894618988037,,59,19779
3.328157901763916,,59,19789
3.428107738494873,,59,19799
3.30129337310791,,59,19809
3.431182861328125,,59,19819
3.3801305294036865,,59,19829
3.3390605449676514,,59,19839
3.39198637008667,,59,19849
3.416595935821533,,59,19859
3.3731443881988525,,59,19869
3.4010698795318604,,59,19879
3.3441615104675293,,59,19889
3.4548680782318115,,59,19899
3.3805668354034424,,59,19909
3.3855135440826416,,59,19919
,3.3893532752990723,59,19919
3.398765802383423,,60,19929
3.3807690143585205,,60,19939
3.336472749710083,,60,19949
3.4586589336395264,,60,19959
3.416863441467285,,60,19969
3.4073009490966797,,60,19979
3.3388218879699707,,60,19989
3.380190372467041,,60,19999
3.306880474090576,,60,20009
3.4946892261505127,,60,20019
3.36419677734375,,60,20029
3.3152434825897217,,60,20039
3.4393763542175293,,60,20049
3.32320237159729,,60,20059
3.388644218444824,,60,20069
3.38451886177063,,60,20079
3.296961545944214,,60,20089
3.332510232925415,,60,20099
3.5532753467559814,,60,20109
3.3807411193847656,,60,20119
3.3586108684539795,,60,20129
3.3635737895965576,,60,20139
3.3936409950256348,,60,20149
3.3209009170532227,,60,20159
3.31919002532959,,60,20169
3.296346426010132,,60,20179
3.352325439453125,,60,20189
3.4534337520599365,,60,20199
3.28393292427063,,60,20209
3.284738063812256,,60,20219
3.398021697998047,,60,20229
3.2693755626678467,,60,20239
3.304938316345215,,60,20249
,3.3889646530151367,60,20251
3.4053709506988525,,61,20259
3.4104955196380615,,61,20269
3.3889174461364746,,61,20279
3.3181707859039307,,61,20289
3.4605069160461426,,61,20299
3.3843891620635986,,61,20309
3.3960955142974854,,61,20319
3.373164176940918,,61,20329
3.4578540325164795,,61,20339
3.2966082096099854,,61,20349
3.3395485877990723,,61,20359
3.430640697479248,,61,20369
3.4398396015167236,,61,20379
3.4115970134735107,,61,20389
3.381061315536499,,61,20399
3.3651695251464844,,61,20409
3.4004158973693848,,61,20419
3.3932182788848877,,61,20429
3.3643157482147217,,61,20439
3.455878734588623,,61,20449
3.422154426574707,,61,20459
3.4373462200164795,,61,20469
3.4116344451904297,,61,20479
3.426933765411377,,61,20489
3.360541820526123,,61,20499
3.383418083190918,,61,20509
3.5006659030914307,,61,20519
3.459505796432495,,61,20529
3.518850564956665,,61,20539
3.4519500732421875,,61,20549
3.3291115760803223,,61,20559
3.429046869277954,,61,20569
3.316687822341919,,61,20579
,3.3913121223449707,61,20583
3.5639843940734863,,62,20589
3.4155964851379395,,62,20599
3.439504861831665,,62,20609
3.400820732116699,,62,20619
3.3100087642669678,,62,20629
3.5571138858795166,,62,20639
3.306366205215454,,62,20649
3.451774835586548,,62,20659
3.3478643894195557,,62,20669
3.381829261779785,,62,20679
3.367225170135498,,62,20689
3.4089508056640625,,62,20699
3.468705654144287,,62,20709
3.493546724319458,,62,20719
3.4352312088012695,,62,20729
3.3468644618988037,,62,20739
3.458606481552124,,62,20749
3.3601489067077637,,62,20759
3.4219090938568115,,62,20769
3.380276918411255,,62,20779
3.4554553031921387,,62,20789
3.384390115737915,,62,20799
3.350545883178711,,62,20809
3.4105441570281982,,62,20819
3.338143825531006,,62,20829
3.5023369789123535,,62,20839
3.4063878059387207,,62,20849
3.4554662704467773,,62,20859
3.4260058403015137,,62,20869
3.4313507080078125,,62,20879
3.3760998249053955,,62,20889
3.3393194675445557,,62,20899
3.334196090698242,,62,20909
,3.408174514770508,62,20915
3.4168384075164795,,63,20919
3.4076812267303467,,63,20929
3.368149757385254,,63,20939
3.348952054977417,,63,20949
3.4888055324554443,,63,20959
3.365166664123535,,63,20969
3.420349597930908,,63,20979
3.5567665100097656,,63,20989
3.3431689739227295,,63,20999
3.424943208694458,,63,21009
3.3747100830078125,,63,21019
3.352351665496826,,63,21029
3.351288318634033,,63,21039
3.466277599334717,,63,21049
3.424405336380005,,63,21059
3.3448290824890137,,63,21069
3.504146099090576,,63,21079
3.393397808074951,,63,21089
3.4282610416412354,,63,21099
3.457176446914673,,63,21109
3.3540520668029785,,63,21119
3.414759397506714,,63,21129
3.332390069961548,,63,21139
3.4413771629333496,,63,21149
3.4450957775115967,,63,21159
3.3576176166534424,,63,21169
3.4636945724487305,,63,21179
3.454502582550049,,63,21189
3.4513158798217773,,63,21199
3.462700843811035,,63,21209
3.509202480316162,,63,21219
3.496196746826172,,63,21229
3.6071252822875977,,63,21239
,3.421992778778076,63,21247
3.457836151123047,,64,21249
3.47959041595459,,64,21259
3.42672061920166,,64,21269
3.4395523071289062,,64,21279
3.3652398586273193,,64,21289
3.371312141418457,,64,21299
3.37496018409729,,64,21309
3.5119543075561523,,64,21319
3.378354787826538,,64,21329
3.5069310665130615,,64,21339
3.397336959838867,,64,21349
3.557576894760132,,64,21359
3.453057289123535,,64,21369
3.4286348819732666,,64,21379
3.4306774139404297,,64,21389
3.4850339889526367,,64,21399
3.444096803665161,,64,21409
3.4181554317474365,,64,21419
3.4353508949279785,,64,21429
3.4093639850616455,,64,21439
3.4589500427246094,,64,21449
3.4704079627990723,,64,21459
3.36055588722229,,64,21469
3.4746968746185303,,64,21479
3.3943891525268555,,64,21489
3.401482105255127,,64,21499
3.4175548553466797,,64,21509
3.4209446907043457,,64,21519
3.5526249408721924,,64,21529
3.38922119140625,,64,21539
3.472092866897583,,64,21549
3.5292656421661377,,64,21559
3.4250218868255615,,64,21569
3.5473833084106445,,64,21579
,3.440591335296631,64,21579
3.4781103134155273,,65,21589
3.44305419921875,,65,21599
3.4247970581054688,,65,21609
3.494563579559326,,65,21619
3.3821239471435547,,65,21629
3.4838430881500244,,65,21639
3.4021177291870117,,65,21649
3.443774700164795,,65,21659
3.4602630138397217,,65,21669
3.444776773452759,,65,21679
3.431436777114868,,65,21689
3.4116296768188477,,65,21699
3.5110065937042236,,65,21709
3.4273695945739746,,65,21719
3.392476797103882,,65,21729
3.444016933441162,,65,21739
3.3873775005340576,,65,21749
3.607823610305786,,65,21759
3.5947794914245605,,65,21769
3.4392101764678955,,65,21779
3.4351344108581543,,65,21789
3.470939874649048,,65,21799
3.4970474243164062,,65,21809
3.4649572372436523,,65,21819
3.498148202896118,,65,21829
3.4873592853546143,,65,21839
3.3983919620513916,,65,21849
3.5073680877685547,,65,21859
3.441666603088379,,65,21869
3.5559606552124023,,65,21879
3.504751443862915,,65,21889
3.4777727127075195,,65,21899
3.585408926010132,,65,21909
,3.4675779342651367,65,21911
3.3990283012390137,,66,21919
3.538877487182617,,66,21929
3.428471565246582,,66,21939
3.501657247543335,,66,21949
3.387744426727295,,66,21959
3.5620672702789307,,66,21969
3.442230224609375,,66,21979
3.434403657913208,,66,21989
3.4523613452911377,,66,21999
3.542948007583618,,66,22009
3.5345828533172607,,66,22019
3.447946310043335,,66,22029
3.5192675590515137,,66,22039
3.5164175033569336,,66,22049
3.50138783454895,,66,22059
3.442115306854248,,66,22069
3.4907891750335693,,66,22079
3.5459771156311035,,66,22089
3.408161163330078,,66,22099
3.5810818672180176,,66,22109
3.431772470474243,,66,22119
3.5192015171051025,,66,22129
3.4620137214660645,,66,22139
3.500275135040283,,66,22149
3.4392945766448975,,66,22159
3.4977712631225586,,66,22169
3.499323606491089,,66,22179
3.4281139373779297,,66,22189
3.4534263610839844,,66,22199
3.4362173080444336,,66,22209
3.535724401473999,,66,22219
3.447413206100464,,66,22229
3.444255828857422,,66,22239
,3.4796037673950195,66,22243
3.4201977252960205,,67,22249
3.5381810665130615,,67,22259
3.4676764011383057,,67,22269
3.482701301574707,,67,22279
3.6245172023773193,,67,22289
3.4981706142425537,,67,22299
3.496962308883667,,67,22309
3.382222890853882,,67,22319
3.4872851371765137,,67,22329
3.4011003971099854,,67,22339
3.382296562194824,,67,22349
3.3921597003936768,,67,22359
3.472817897796631,,67,22369
3.4172074794769287,,67,22379
3.435185194015503,,67,22389
3.52571439743042,,67,22399
3.44498610496521,,67,22409
3.565934181213379,,67,22419
3.3469302654266357,,67,22429
3.4807865619659424,,67,22439
3.487133026123047,,67,22449
3.382143259048462,,67,22459
3.3926942348480225,,67,22469
3.430060863494873,,67,22479
3.519930362701416,,67,22489
3.4545528888702393,,67,22499
3.470874547958374,,67,22509
3.4364874362945557,,67,22519
3.4560470581054688,,67,22529
3.501462936401367,,67,22539
3.487699508666992,,67,22549
3.45554256439209,,67,22559
3.3540499210357666,,67,22569
,3.4623055458068848,67,22575
3.493762731552124,,68,22579
3.5197019577026367,,68,22589
3.411097526550293,,68,22599
3.4553921222686768,,68,22609
3.412832498550415,,68,22619
3.4496073722839355,,68,22629
3.3500306606292725,,68,22639
3.3932723999023438,,68,22649
3.4115865230560303,,68,22659
3.461348533630371,,68,22669
3.479750394821167,,68,22679
3.4081315994262695,,68,22689
3.4863035678863525,,68,22699
3.417872190475464,,68,22709
3.4481213092803955,,68,22719
3.464543342590332,,68,22729
3.394883155822754,,68,22739
3.374091386795044,,68,22749
3.4097416400909424,,68,22759
3.4361186027526855,,68,22769
3.555187940597534,,68,22779
3.4212121963500977,,68,22789
3.4113376140594482,,68,22799
3.397648334503174,,68,22809
3.3747379779815674,,68,22819
3.4603209495544434,,68,22829
3.465449094772339,,68,22839
3.477705717086792,,68,22849
3.4095988273620605,,68,22859
3.390885353088379,,68,22869
3.3553476333618164,,68,22879
3.38499116897583,,68,22889
3.6174027919769287,,68,22899
,3.4558827877044678,68,22907
3.4513330459594727,,69,22909
3.374756097793579,,69,22919
3.4437501430511475,,69,22929
3.4252519607543945,,69,22939
3.4778404235839844,,69,22949
3.415290355682373,,69,22959
3.545938014984131,,69,22969
3.440927028656006,,69,22979
3.4740538597106934,,69,22989
3.360248327255249,,69,22999
3.464718818664551,,69,23009
3.391170024871826,,69,23019
3.4012608528137207,,69,23029
3.489072799682617,,69,23039
3.5560381412506104,,69,23049
3.5308074951171875,,69,23059
3.4113128185272217,,69,23069
3.4846386909484863,,69,23079
3.447936534881592,,69,23089
3.352339506149292,,69,23099
3.3635408878326416,,69,23109
3.479252815246582,,69,23119
3.4536657333374023,,69,23129
3.5485246181488037,,69,23139
3.4912986755371094,,69,23149
3.469404935836792,,69,23159
3.4591150283813477,,69,23169
3.4630329608917236,,69,23179
3.4376373291015625,,69,23189
3.489649772644043,,69,23199
3.4459331035614014,,69,23209
3.4506871700286865,,69,23219
3.4450066089630127,,69,23229
3.4293160438537598,,69,23239
,3.4574356079101562,69,23239
3.4335203170776367,,70,23249
3.5006139278411865,,70,23259
3.4293603897094727,,70,23269
3.406991720199585,,70,23279
3.4758496284484863,,70,23289
3.4138710498809814,,70,23299
3.4919731616973877,,70,23309
3.448564291000366,,70,23319
3.5298409461975098,,70,23329
3.434567451477051,,70,23339
3.43746018409729,,70,23349
3.327633857727051,,70,23359
3.4942901134490967,,70,23369
3.5080230236053467,,70,23379
3.5801494121551514,,70,23389
3.5212907791137695,,70,23399
3.5021047592163086,,70,23409
3.523073673248291,,70,23419
3.4770517349243164,,70,23429
3.559913158416748,,70,23439
3.403278350830078,,70,23449
3.483339786529541,,70,23459
3.413137197494507,,70,23469
3.4263546466827393,,70,23479
3.3701493740081787,,70,23489
3.4837541580200195,,70,23499
3.587001323699951,,70,23509
3.421916961669922,,70,23519
3.422147750854492,,70,23529
3.323624610900879,,70,23539
3.417079448699951,,70,23549
3.4545304775238037,,70,23559
3.398592472076416,,70,23569
,3.461825370788574,70,23571
3.4721932411193848,,71,23579
3.4019744396209717,,71,23589
3.4921467304229736,,71,23599
3.445916175842285,,71,23609
3.4258532524108887,,71,23619
3.504763126373291,,71,23629
3.3589138984680176,,71,23639
3.451141834259033,,71,23649
3.454277992248535,,71,23659
3.37349796295166,,71,23669
3.535062551498413,,71,23679
3.431537389755249,,71,23689
3.4247779846191406,,71,23699
3.398669958114624,,71,23709
3.5157134532928467,,71,23719
3.470551013946533,,71,23729
3.540132999420166,,71,23739
3.384721517562866,,71,23749
3.4595048427581787,,71,23759
3.4785685539245605,,71,23769
3.532011032104492,,71,23779
3.561542272567749,,71,23789
3.4977731704711914,,71,23799
3.390289783477783,,71,23809
3.54965877532959,,71,23819
3.487999200820923,,71,23829
3.4333295822143555,,71,23839
3.555868148803711,,71,23849
3.378941535949707,,71,23859
3.4389452934265137,,71,23869
3.4174935817718506,,71,23879
3.4140684604644775,,71,23889
3.431727170944214,,71,23899
,3.4615848064422607,71,23903
3.485529661178589,,72,23909
3.419797897338867,,72,23919
3.3725807666778564,,72,23929
3.4502575397491455,,72,23939
3.5555782318115234,,72,23949
3.4236035346984863,,72,23959
3.498345375061035,,72,23969
3.4648277759552,,72,23979
3.412004232406616,,72,23989
3.5197949409484863,,72,23999
3.403470993041992,,72,24009
3.4771270751953125,,72,24019
3.419267416000366,,72,24029
3.3681907653808594,,72,24039
3.412280559539795,,72,24049
3.529232978820801,,72,24059
3.4304070472717285,,72,24069
3.511247396469116,,72,24079
3.3900740146636963,,72,24089
3.4749979972839355,,72,24099
3.419523239135742,,72,24109
3.561288595199585,,72,24119
3.4684762954711914,,72,24129
3.5625603199005127,,72,24139
3.449845552444458,,72,24149
3.428985595703125,,72,24159
3.4683351516723633,,72,24169
3.4641947746276855,,72,24179
3.4866015911102295,,72,24189
3.4306766986846924,,72,24199
3.5751147270202637,,72,24209
3.3914709091186523,,72,24219
3.5232930183410645,,72,24229
,3.4596827030181885,72,24235
3.445460081100464,,73,24239
3.4638454914093018,,73,24249
3.4129104614257812,,73,24259
3.4642155170440674,,73,24269
3.5172338485717773,,73,24279
3.4277400970458984,,73,24289
3.459841012954712,,73,24299
3.5422170162200928,,73,24309
3.431736946105957,,73,24319
3.435905933380127,,73,24329
3.464644193649292,,73,24339
3.4579429626464844,,73,24349
3.4335176944732666,,73,24359
3.4339616298675537,,73,24369
3.4347317218780518,,73,24379
3.487180471420288,,73,24389
3.466201066970825,,73,24399
3.4112613201141357,,73,24409
3.407038688659668,,73,24419
3.4457757472991943,,73,24429
3.4483354091644287,,73,24439
3.4281985759735107,,73,24449
3.549597978591919,,73,24459
3.5014147758483887,,73,24469
3.365776300430298,,73,24479
3.357617139816284,,73,24489
3.4623992443084717,,73,24499
3.4347949028015137,,73,24509
3.474269390106201,,73,24519
3.464386463165283,,73,24529
3.382310628890991,,73,24539
3.454714059829712,,73,24549
3.472945213317871,,73,24559
,3.460716962814331,73,24567
3.407680034637451,,74,24569
3.4548308849334717,,74,24579
3.4979348182678223,,74,24589
3.5783331394195557,,74,24599
3.4406356811523438,,74,24609
3.4740703105926514,,74,24619
3.4367551803588867,,74,24629
3.4114887714385986,,74,24639
3.4646196365356445,,74,24649
3.352457284927368,,74,24659
3.6861815452575684,,74,24669
3.456301689147949,,74,24679
3.402000665664673,,74,24689
3.4693591594696045,,74,24699
3.401742696762085,,74,24709
3.4666056632995605,,74,24719
3.5671894550323486,,74,24729
3.543750524520874,,74,24739
3.41994309425354,,74,24749
3.4768970012664795,,74,24759
3.5569896697998047,,74,24769
3.4909019470214844,,74,24779
3.409726142883301,,74,24789
3.5173540115356445,,74,24799
3.552816390991211,,74,24809
3.423671245574951,,74,24819
3.6054751873016357,,74,24829
3.54061222076416,,74,24839
3.525670051574707,,74,24849
3.4398584365844727,,74,24859
3.3884477615356445,,74,24869
3.3366222381591797,,74,24879
3.54142689704895,,74,24889
3.4029433727264404,,74,24899
,3.4679155349731445,74,24899
3.4816558361053467,,75,24909
3.440328359603882,,75,24919
3.544161796569824,,75,24929
3.435537099838257,,75,24939
3.454294443130493,,75,24949
3.437345504760742,,75,24959
3.4639251232147217,,75,24969
3.5461416244506836,,75,24979
3.423150062561035,,75,24989
3.422938346862793,,75,24999
3.371098041534424,,75,25009
3.465301990509033,,75,25019
3.534083843231201,,75,25029
3.4655444622039795,,75,25039
3.517580509185791,,75,25049
3.4919111728668213,,75,25059
3.4171524047851562,,75,25069
3.5134716033935547,,75,25079
3.469139575958252,,75,25089
3.5735435485839844,,75,25099
3.530190944671631,,75,25109
3.4385433197021484,,75,25119
3.497675657272339,,75,25129
3.4491982460021973,,75,25139
3.481240749359131,,75,25149
3.5054125785827637,,75,25159
3.432671070098877,,75,25169
3.369997262954712,,75,25179
3.418511390686035,,75,25189
3.4867656230926514,,75,25199
3.3958675861358643,,75,25209
3.488938570022583,,75,25219
3.539276599884033,,75,25229
,3.4512932300567627,75,25231
3.5081310272216797,,76,25239
3.4742441177368164,,76,25249
3.4738545417785645,,76,25259
3.556480884552002,,76,25269
3.3820457458496094,,76,25279
3.3969969749450684,,76,25289
3.507411479949951,,76,25299
3.4553771018981934,,76,25309
3.391385316848755,,76,25319
3.5098211765289307,,76,25329
3.308403968811035,,76,25339
3.408045530319214,,76,25349
3.4149248600006104,,76,25359
3.3522229194641113,,76,25369
3.519665241241455,,76,25379
3.3992068767547607,,76,25389
3.4355580806732178,,76,25399
3.424576997756958,,76,25409
3.397034168243408,,76,25419
3.4425883293151855,,76,25429
3.4135100841522217,,76,25439
3.402557849884033,,76,25449
3.4344677925109863,,76,25459
3.3716371059417725,,76,25469
3.4167332649230957,,76,25479
3.375504970550537,,76,25489
3.4043498039245605,,76,25499
3.379251003265381,,76,25509
3.361920118331909,,76,25519
3.388765811920166,,76,25529
3.3761072158813477,,76,25539
3.4013988971710205,,76,25549
3.3653368949890137,,76,25559
,3.4400277137756348,76,25563
3.34120774269104,,77,25569
3.4159083366394043,,77,25579
3.444094181060791,,77,25589
3.516801118850708,,77,25599
3.5152292251586914,,77,25609
3.467798948287964,,77,25619
3.4852590560913086,,77,25629
3.41330623626709,,77,25639
3.5361199378967285,,77,25649
3.584155559539795,,77,25659
3.4105076789855957,,77,25669
3.6040217876434326,,77,25679
3.448977470397949,,77,25689
3.5105247497558594,,77,25699
3.452366828918457,,77,25709
3.417377233505249,,77,25719
3.4690117835998535,,77,25729
3.460524320602417,,77,25739
3.4832255840301514,,77,25749
3.3655667304992676,,77,25759
3.4486711025238037,,77,25769
3.5037717819213867,,77,25779
3.4457781314849854,,77,25789
3.464522123336792,,77,25799
3.4382903575897217,,77,25809
3.5343942642211914,,77,25819
3.4589335918426514,,77,25829
3.539844512939453,,77,25839
3.355619430541992,,77,25849
3.4558825492858887,,77,25859
3.401719331741333,,77,25869
3.3928234577178955,,77,25879
3.387869119644165,,77,25889
,3.444552421569824,77,25895
3.404365062713623,,78,25899
3.4145989418029785,,78,25909
3.441361904144287,,78,25919
3.4651501178741455,,78,25929
3.379408836364746,,78,25939
3.4338598251342773,,78,25949
3.361335277557373,,78,25959
3.3843040466308594,,78,25969
3.403034210205078,,78,25979
3.449669122695923,,78,25989
3.401010751724243,,78,25999
3.5539097785949707,,78,26009
3.394913911819458,,78,26019
3.4937169551849365,,78,26029
3.5221240520477295,,78,26039
3.469106912612915,,78,26049
3.511439800262451,,78,26059
3.4363341331481934,,78,26069
3.4534196853637695,,78,26079
3.5996816158294678,,78,26089
3.411248207092285,,78,26099
3.4592738151550293,,78,26109
3.480703115463257,,78,26119
3.4635870456695557,,78,26129
3.463395833969116,,78,26139
3.5783064365386963,,78,26149
3.4746575355529785,,78,26159
3.552800416946411,,78,26169
3.445023775100708,,78,26179
3.4210193157196045,,78,26189
3.450329303741455,,78,26199
3.3978352546691895,,78,26209
3.5925819873809814,,78,26219
,3.45698618888855,78,26227
3.496401071548462,,79,26229
3.427863359451294,,79,26239
3.600578546524048,,79,26249
3.444641590118408,,79,26259
3.6017723083496094,,79,26269
3.407397985458374,,79,26279
3.4576520919799805,,79,26289
3.469119071960449,,79,26299
3.4553604125976562,,79,26309
3.4415605068206787,,79,26319
3.418774366378784,,79,26329
3.377659797668457,,79,26339
3.6470491886138916,,79,26349
3.4559216499328613,,79,26359
3.550180673599243,,79,26369
3.412790536880493,,79,26379
3.4760191440582275,,79,26389
3.522141456604004,,79,26399
3.3989384174346924,,79,26409
3.4202451705932617,,79,26419
3.5016613006591797,,79,26429
3.5008671283721924,,79,26439
3.3697521686553955,,79,26449
3.4690136909484863,,79,26459
3.6249337196350098,,79,26469
3.432715892791748,,79,26479
3.4065184593200684,,79,26489
3.467275381088257,,79,26499
3.4583208560943604,,79,26509
3.41070818901062,,79,26519
3.482822895050049,,79,26529
3.4436376094818115,,79,26539
3.380784511566162,,79,26549
3.4663918018341064,,79,26559
,3.4619791507720947,79,26559
3.405137300491333,,80,26569
3.5207433700561523,,80,26579
3.443514108657837,,80,26589
3.460327386856079,,80,26599
3.5642876625061035,,80,26609
3.400947093963623,,80,26619
3.3804726600646973,,80,26629
3.4325649738311768,,80,26639
3.3718457221984863,,80,26649
3.415846586227417,,80,26659
3.398184061050415,,80,26669
3.3894872665405273,,80,26679
3.483255624771118,,80,26689
3.3810315132141113,,80,26699
3.4570281505584717,,80,26709
3.4888758659362793,,80,26719
3.4398770332336426,,80,26729
3.476652145385742,,80,26739
3.434185743331909,,80,26749
3.343862295150757,,80,26759
3.4175212383270264,,80,26769
3.383094310760498,,80,26779
3.350539445877075,,80,26789
3.5440776348114014,,80,26799
3.3616223335266113,,80,26809
3.427165985107422,,80,26819
3.438441038131714,,80,26829
3.4465408325195312,,80,26839
3.398371696472168,,80,26849
3.483097553253174,,80,26859
3.4184727668762207,,80,26869
3.392815589904785,,80,26879
3.3827176094055176,,80,26889
,3.4386589527130127,80,26891
3.5164177417755127,,81,26899
3.38503098487854,,81,26909
3.4069466590881348,,81,26919
3.5491490364074707,,81,26929
3.4050755500793457,,81,26939
3.4754931926727295,,81,26949
3.489614725112915,,81,26959
3.46230411529541,,81,26969
3.4668684005737305,,81,26979
3.3556017875671387,,81,26989
3.520632266998291,,81,26999
3.403259754180908,,81,27009
3.5296266078948975,,81,27019
3.3991286754608154,,81,27029
3.408005952835083,,81,27039
3.4399478435516357,,81,27049
3.415309429168701,,81,27059
3.400362730026245,,81,27069
3.588001251220703,,81,27079
3.496563673019409,,81,27089
3.4995503425598145,,81,27099
3.437242031097412,,81,27109
3.4154887199401855,,81,27119
3.465717315673828,,81,27129
3.424916982650757,,81,27139
3.479822874069214,,81,27149
3.473660707473755,,81,27159
3.4902596473693848,,81,27169
3.3618743419647217,,81,27179
3.4344680309295654,,81,27189
3.432995557785034,,81,27199
3.4211111068725586,,81,27209
3.4708058834075928,,81,27219
,3.435822010040283,81,27223
3.4468626976013184,,82,27229
3.398833751678467,,82,27239
3.3924975395202637,,82,27249
3.3598899841308594,,82,27259
3.5515084266662598,,82,27269
3.4524986743927,,82,27279
3.4470860958099365,,82,27289
3.45983624458313,,82,27299
3.5440499782562256,,82,27309
3.315855026245117,,82,27319
3.401766061782837,,82,27329
3.417689085006714,,82,27339
3.417969226837158,,82,27349
3.437838315963745,,82,27359
3.457075834274292,,82,27369
3.372964382171631,,82,27379
3.5826680660247803,,82,27389
3.5031840801239014,,82,27399
3.471262216567993,,82,27409
3.5009703636169434,,82,27419
3.470651149749756,,82,27429
3.5566160678863525,,82,27439
3.443110942840576,,82,27449
3.431917428970337,,82,27459
3.421346664428711,,82,27469
3.4478557109832764,,82,27479
3.502068519592285,,82,27489
3.3555798530578613,,82,27499
3.562922477722168,,82,27509
3.5373241901397705,,82,27519
3.430908203125,,82,27529
3.422044515609741,,82,27539
3.31728458404541,,82,27549
,3.445589542388916,82,27555
3.4342167377471924,,83,27559
3.4757890701293945,,83,27569
3.410926103591919,,83,27579
3.453479528427124,,83,27589
3.410172700881958,,83,27599
3.388921022415161,,83,27609
3.426964044570923,,83,27619
3.4469196796417236,,83,27629
3.4051918983459473,,83,27639
3.46677565574646,,83,27649
3.4702610969543457,,83,27659
3.424349784851074,,83,27669
3.4694273471832275,,83,27679
3.3172786235809326,,83,27689
3.400444269180298,,83,27699
3.5586016178131104,,83,27709
3.3245275020599365,,83,27719
3.5706052780151367,,83,27729
3.4427385330200195,,83,27739
3.3525547981262207,,83,27749
3.362962007522583,,83,27759
3.3730387687683105,,83,27769
3.5334489345550537,,83,27779
3.5051536560058594,,83,27789
3.367794990539551,,83,27799
3.4829061031341553,,83,27809
3.3684160709381104,,83,27819
3.4406487941741943,,83,27829
3.4411747455596924,,83,27839
3.522351026535034,,83,27849
3.469210624694824,,83,27859
3.449540376663208,,83,27869
3.448956251144409,,83,27879
,3.4366374015808105,83,27887
3.369873046875,,84,27889
3.354604482650757,,84,27899
3.3946774005889893,,84,27909
3.3802599906921387,,84,27919
3.47969388961792,,84,27929
3.3772530555725098,,84,27939
3.470104217529297,,84,27949
3.5088911056518555,,84,27959
3.6432881355285645,,84,27969
3.341978073120117,,84,27979
3.4535436630249023,,84,27989
3.3391387462615967,,84,27999
3.3602688312530518,,84,28009
3.4225378036499023,,84,28019
3.447665214538574,,84,28029
3.340658187866211,,84,28039
3.352064371109009,,84,28049
3.4868414402008057,,84,28059
3.4197583198547363,,84,28069
3.332721710205078,,84,28079
3.4278318881988525,,84,28089
3.41274356842041,,84,28099
3.4267120361328125,,84,28109
3.383085250854492,,84,28119
3.4635047912597656,,84,28129
3.4633233547210693,,84,28139
3.3268535137176514,,84,28149
3.375004768371582,,84,28159
3.53997802734375,,84,28169
3.4164962768554688,,84,28179
3.5418217182159424,,84,28189
3.4881889820098877,,84,28199
3.4645237922668457,,84,28209
3.4881887435913086,,84,28219
,3.421736717224121,84,28219
3.305867910385132,,85,28229
3.417875289916992,,85,28239
3.3921802043914795,,85,28249
3.4136996269226074,,85,28259
3.3595311641693115,,85,28269
3.3805086612701416,,85,28279
3.3754827976226807,,85,28289
3.4822070598602295,,85,28299
3.403714179992676,,85,28309
3.453263521194458,,85,28319
3.398444652557373,,85,28329
3.569244384765625,,85,28339
3.5010180473327637,,85,28349
3.4629650115966797,,85,28359
3.360712766647339,,85,28369
3.4601621627807617,,85,28379
3.5145504474639893,,85,28389
3.3982348442077637,,85,28399
3.4357080459594727,,85,28409
3.41011381149292,,85,28419
3.4217445850372314,,85,28429
3.486985683441162,,85,28439
3.542369842529297,,85,28449
3.419314384460449,,85,28459
3.369790554046631,,85,28469
3.585502862930298,,85,28479
3.438926935195923,,85,28489
3.479671001434326,,85,28499
3.4666213989257812,,85,28509
3.3959007263183594,,85,28519
3.482846260070801,,85,28529
3.3639678955078125,,85,28539
3.4497084617614746,,85,28549
,3.4339969158172607,85,28551
3.3850762844085693,,86,28559
3.388479232788086,,86,28569
3.452418804168701,,86,28579
3.371734142303467,,86,28589
3.5721964836120605,,86,28599
3.3394646644592285,,86,28609
3.518716335296631,,86,28619
3.375556230545044,,86,28629
3.472515106201172,,86,28639
3.4479353427886963,,86,28649
3.527954578399658,,86,28659
3.506950616836548,,86,28669
3.49452543258667,,86,28679
3.3841118812561035,,86,28689
3.425183057785034,,86,28699
3.3722264766693115,,86,28709
3.5231590270996094,,86,28719
3.3780357837677,,86,28729
3.4712228775024414,,86,28739
3.344989538192749,,86,28749
3.4978573322296143,,86,28759
3.5838499069213867,,86,28769
3.3651139736175537,,86,28779
3.41219162940979,,86,28789
3.3886938095092773,,86,28799
3.4994287490844727,,86,28809
3.41977858543396,,86,28819
3.3824920654296875,,86,28829
3.376183032989502,,86,28839
3.4366679191589355,,86,28849
3.5151686668395996,,86,28859
3.516813278198242,,86,28869
3.478318691253662,,86,28879
,3.4464480876922607,86,28883
3.4207985401153564,,87,28889
3.518678903579712,,87,28899
3.4337565898895264,,87,28909
3.4342315196990967,,87,28919
3.3882534503936768,,87,28929
3.3916821479797363,,87,28939
3.527496337890625,,87,28949
3.529301166534424,,87,28959
3.4177067279815674,,87,28969
3.3397128582000732,,87,28979
3.4439549446105957,,87,28989
3.423417091369629,,87,28999
3.478644371032715,,87,29009
3.507514238357544,,87,29019
3.3999624252319336,,87,29029
3.4356462955474854,,87,29039
3.472400188446045,,87,29049
3.563154458999634,,87,29059
3.5429649353027344,,87,29069
3.376988410949707,,87,29079
3.509592294692993,,87,29089
3.4642205238342285,,87,29099
3.56996488571167,,87,29109
3.407557964324951,,87,29119
3.4184281826019287,,87,29129
3.514676809310913,,87,29139
3.4608659744262695,,87,29149
3.3708508014678955,,87,29159
3.401947021484375,,87,29169
3.480416774749756,,87,29179
3.4798076152801514,,87,29189
3.4085729122161865,,87,29199
3.4274814128875732,,87,29209
,3.450029134750366,87,29215
3.419482946395874,,88,29219
3.4990408420562744,,88,29229
3.5567448139190674,,88,29239
3.4751129150390625,,88,29249
3.5797064304351807,,88,29259
3.4170236587524414,,88,29269
3.3780479431152344,,88,29279
3.431299924850464,,88,29289
3.5924763679504395,,88,29299
3.491600275039673,,88,29309
3.4919557571411133,,88,29319
3.55440354347229,,88,29329
3.506075382232666,,88,29339
3.503817558288574,,88,29349
3.5709524154663086,,88,29359
3.427356481552124,,88,29369
3.4209697246551514,,88,29379
3.5544936656951904,,88,29389
3.536160707473755,,88,29399
3.455853223800659,,88,29409
3.402320384979248,,88,29419
3.342789888381958,,88,29429
3.4200823307037354,,88,29439
3.561436414718628,,88,29449
3.5407512187957764,,88,29459
3.469153881072998,,88,29469
3.3960940837860107,,88,29479
3.438649892807007,,88,29489
3.455420732498169,,88,29499
3.4437716007232666,,88,29509
3.4521799087524414,,88,29519
3.46175217628479,,88,29529
3.506661891937256,,88,29539
,3.4613873958587646,88,29547
3.3192553520202637,,89,29549
3.4486453533172607,,89,29559
3.548088312149048,,89,29569
3.429633140563965,,89,29579
3.576430559158325,,89,29589
3.462534189224243,,89,29599
3.4554970264434814,,89,29609
3.4586849212646484,,89,29619
3.558321952819824,,89,29629
3.466388463973999,,89,29639
3.386808395385742,,89,29649
3.419346570968628,,89,29659
3.359255313873291,,89,29669
3.42384672164917,,89,29679
3.4190025329589844,,89,29689
3.4551196098327637,,89,29699
3.422980308532715,,89,29709
3.519596576690674,,89,29719
3.5331695079803467,,89,29729
3.5328195095062256,,89,29739
3.456339120864868,,89,29749
3.5082290172576904,,89,29759
3.416404962539673,,89,29769
3.4558210372924805,,89,29779
3.455479621887207,,89,29789
3.513279914855957,,89,29799
3.5191891193389893,,89,29809
3.568030834197998,,89,29819
3.382030963897705,,89,29829
3.4695701599121094,,89,29839
3.414215564727783,,89,29849
3.4851582050323486,,89,29859
3.5476183891296387,,89,29869
3.4049649238586426,,89,29879
,3.4717400074005127,89,29879
3.561678171157837,,90,29889
3.5366714000701904,,90,29899
3.460293769836426,,90,29909
3.528642177581787,,90,29919
3.471177339553833,,90,29929
3.515126943588257,,90,29939
3.4428582191467285,,90,29949
3.522007703781128,,90,29959
3.533087968826294,,90,29969
3.4966821670532227,,90,29979
3.5076751708984375,,90,29989
3.554802179336548,,90,29999
3.4541385173797607,,90,30009
3.42634916305542,,90,30019
3.5712249279022217,,90,30029
3.525878429412842,,90,30039
3.6472508907318115,,90,30049
3.541189193725586,,90,30059
3.461859703063965,,90,30069
3.394073724746704,,90,30079
3.5455427169799805,,90,30089
3.547826051712036,,90,30099
3.5180625915527344,,90,30109
3.5117955207824707,,90,30119
3.492765188217163,,90,30129
3.5174365043640137,,90,30139
3.4317712783813477,,90,30149
3.5545756816864014,,90,30159
3.440898895263672,,90,30169
3.6579062938690186,,90,30179
3.481154680252075,,90,30189
3.5814709663391113,,90,30199
3.375091791152954,,90,30209
,3.4913291931152344,90,30211
3.4682726860046387,,91,30219
3.40356183052063,,91,30229
3.514063835144043,,91,30239
3.4898064136505127,,91,30249
3.5202410221099854,,91,30259
3.377336263656616,,91,30269
3.4145023822784424,,91,30279
3.5118467807769775,,91,30289
3.4657576084136963,,91,30299
3.4757158756256104,,91,30309
3.4764952659606934,,91,30319
3.52370285987854,,91,30329
3.6121373176574707,,91,30339
3.4815826416015625,,91,30349
3.5316102504730225,,91,30359
3.5302233695983887,,91,30369
3.6092910766601562,,91,30379
3.511500120162964,,91,30389
3.5204217433929443,,91,30399
3.475201368331909,,91,30409
3.394641399383545,,91,30419
3.4881515502929688,,91,30429
3.445744276046753,,91,30439
3.3627090454101562,,91,30449
3.4787797927856445,,91,30459
3.5259437561035156,,91,30469
3.363546371459961,,91,30479
3.462161064147949,,91,30489
3.516770839691162,,91,30499
3.5321178436279297,,91,30509
3.435170888900757,,91,30519
3.6006178855895996,,91,30529
3.5559728145599365,,91,30539
,3.4869654178619385,91,30543
3.483110189437866,,92,30549
3.5719828605651855,,92,30559
3.544499397277832,,92,30569
3.4944348335266113,,92,30579
3.44352126121521,,92,30589
3.5078365802764893,,92,30599
3.4903957843780518,,92,30609
3.4788877964019775,,92,30619
3.5124387741088867,,92,30629
3.5159404277801514,,92,30639
3.45343279838562,,92,30649
3.5600640773773193,,92,30659
3.4516003131866455,,92,30669
3.4167144298553467,,92,30679
3.447678804397583,,92,30689
3.5315465927124023,,92,30699
3.461576223373413,,92,30709
3.5787196159362793,,92,30719
3.4530558586120605,,92,30729
3.5166101455688477,,92,30739
3.493464946746826,,92,30749
3.6302733421325684,,92,30759
3.4559197425842285,,92,30769
3.4171435832977295,,92,30779
3.5555825233459473,,92,30789
3.432586669921875,,92,30799
3.4627199172973633,,92,30809
3.4839155673980713,,92,30819
3.459667682647705,,92,30829
3.5073728561401367,,92,30839
3.4901177883148193,,92,30849
3.5226848125457764,,92,30859
3.500053644180298,,92,30869
,3.4999563694000244,92,30875
3.4609575271606445,,93,30879
3.437584161758423,,93,30889
3.486048698425293,,93,30899
3.4358251094818115,,93,30909
3.4543638229370117,,93,30919
3.605849027633667,,93,30929
3.51828670501709,,93,30939
3.484081983566284,,93,30949
3.5684404373168945,,93,30959
3.505985736846924,,93,30969
3.4047927856445312,,93,30979
3.488506317138672,,93,30989
3.4648563861846924,,93,30999
3.4424781799316406,,93,31009
3.62921142578125,,93,31019
3.4457952976226807,,93,31029
3.627265453338623,,93,31039
3.554861307144165,,93,31049
3.5108439922332764,,93,31059
3.433295488357544,,93,31069
3.5873055458068848,,93,31079
3.3982491493225098,,93,31089
3.521632194519043,,93,31099
3.643425226211548,,93,31109
3.3988330364227295,,93,31119
3.567702531814575,,93,31129
3.6212010383605957,,93,31139
3.484286308288574,,93,31149
3.506237745285034,,93,31159
3.5679540634155273,,93,31169
3.4895617961883545,,93,31179
3.5153398513793945,,93,31189
3.4440202713012695,,93,31199
,3.5008935928344727,93,31207
3.4900152683258057,,94,31209
3.521672487258911,,94,31219
3.600809335708618,,94,31229
3.5683000087738037,,94,31239
3.4830551147460938,,94,31249
3.5638113021850586,,94,31259
3.52649188041687,,94,31269
3.742903470993042,,94,31279
3.494175434112549,,94,31289
3.4665651321411133,,94,31299
3.4609014987945557,,94,31309
3.4982573986053467,,94,31319
3.524445056915283,,94,31329
3.4616596698760986,,94,31339
3.6347310543060303,,94,31349
3.589517116546631,,94,31359
3.494699239730835,,94,31369
3.6003003120422363,,94,31379
3.4863619804382324,,94,31389
3.6190459728240967,,94,31399
3.5063769817352295,,94,31409
3.497828960418701,,94,31419
3.501324415206909,,94,31429
3.439723491668701,,94,31439
3.468950033187866,,94,31449
3.630263090133667,,94,31459
3.546322822570801,,94,31469
3.531954765319824,,94,31479
3.358705759048462,,94,31489
3.51126766204834,,94,31499
3.4423811435699463,,94,31509
3.55873966217041,,94,31519
3.4080560207366943,,94,31529
3.4970829486846924,,94,31539
,3.507020950317383,94,31539
3.520846366882324,,95,31549
3.544729471206665,,95,31559
3.5279293060302734,,95,31569
3.453592538833618,,95,31579
3.55000901222229,,95,31589
3.5079710483551025,,95,31599
3.443065643310547,,95,31609
3.46298885345459,,95,31619
3.467165946960449,,95,31629
3.4334592819213867,,95,31639
3.418120861053467,,95,31649
3.509214401245117,,95,31659
3.49633526802063,,95,31669
3.52435040473938,,95,31679
3.402055501937866,,95,31689
3.479522943496704,,95,31699
3.440819025039673,,95,31709
3.4558093547821045,,95,31719
3.6182093620300293,,95,31729
3.4456262588500977,,95,31739
3.481440544128418,,95,31749
3.511962413787842,,95,31759
3.4256772994995117,,95,31769
3.563727855682373,,95,31779
3.4949116706848145,,95,31789
3.5628161430358887,,95,31799
3.5347161293029785,,95,31809
3.507009506225586,,95,31819
3.610445261001587,,95,31829
3.4461944103240967,,95,31839
3.511647939682007,,95,31849
3.514679431915283,,95,31859
3.5039329528808594,,95,31869
,3.5037007331848145,95,31871
3.5749669075012207,,96,31879
3.519137382507324,,96,31889
3.5551040172576904,,96,31899
3.521365165710449,,96,31909
3.532285451889038,,96,31919
3.540849447250366,,96,31929
3.5085880756378174,,96,31939
3.445038080215454,,96,31949
3.561009407043457,,96,31959
3.541276693344116,,96,31969
3.56888484954834,,96,31979
3.539921283721924,,96,31989
3.543912172317505,,96,31999
3.5609350204467773,,96,32009
3.4920458793640137,,96,32019
3.5580382347106934,,96,32029
3.479133129119873,,96,32039
3.4100890159606934,,96,32049
3.513345241546631,,96,32059
3.4007322788238525,,96,32069
3.4102373123168945,,96,32079
3.541940212249756,,96,32089
3.5982885360717773,,96,32099
3.5612425804138184,,96,32109
3.4571304321289062,,96,32119
3.5198616981506348,,96,32129
3.509786605834961,,96,32139
3.509212017059326,,96,32149
3.510950803756714,,96,32159
3.517794370651245,,96,32169
3.372840166091919,,96,32179
3.5655479431152344,,96,32189
3.4968817234039307,,96,32199
,3.501667022705078,96,32203
3.5377440452575684,,97,32209
3.386751413345337,,97,32219
3.5987441539764404,,97,32229
3.5127999782562256,,97,32239
3.553269863128662,,97,32249
3.5171611309051514,,97,32259
3.537909984588623,,97,32269
3.4957470893859863,,97,32279
3.514763116836548,,97,32289
3.510915756225586,,97,32299
3.473858594894409,,97,32309
3.5102624893188477,,97,32319
3.4796559810638428,,97,32329
3.4665050506591797,,97,32339
3.597524404525757,,97,32349
3.394543409347534,,97,32359
3.5021398067474365,,97,32369
3.512456178665161,,97,32379
3.5149965286254883,,97,32389
3.436121702194214,,97,32399
3.3809502124786377,,97,32409
3.4953677654266357,,97,32419
3.414989948272705,,97,32429
3.617169141769409,,97,32439
3.4364542961120605,,97,32449
3.4563841819763184,,97,32459
3.653079032897949,,97,32469
3.4707305431365967,,97,32479
3.6040830612182617,,97,32489
3.567718982696533,,97,32499
3.472933053970337,,97,32509
3.5746045112609863,,97,32519
3.4475417137145996,,97,32529
,3.50950288772583,97,32535
3.5619335174560547,,98,32539
3.516515016555786,,98,32549
3.471909761428833,,98,32559
3.511542797088623,,98,32569
3.5089917182922363,,98,32579
3.4394989013671875,,98,32589
3.469708204269409,,98,32599
3.5281505584716797,,98,32609
3.536869525909424,,98,32619
3.540477752685547,,98,32629
3.57004451751709,,98,32639
3.5413661003112793,,98,32649
3.451911449432373,,98,32659
3.6361494064331055,,98,32669
3.671041250228882,,98,32679
3.427896022796631,,98,32689
3.483098268508911,,98,32699
3.5084569454193115,,98,32709
3.527540922164917,,98,32719
3.5206875801086426,,98,32729
3.5194272994995117,,98,32739
3.5906262397766113,,98,32749
3.50235915184021,,98,32759
3.4624736309051514,,98,32769
3.484222888946533,,98,32779
3.521315813064575,,98,32789
3.492299795150757,,98,32799
3.467038154602051,,98,32809
3.56204891204834,,98,32819
3.6395721435546875,,98,32829
3.4010260105133057,,98,32839
3.4640514850616455,,98,32849
3.485720634460449,,98,32859
,3.514616012573242,98,32867
3.416130304336548,,99,32869
3.5260753631591797,,99,32879
3.508591890335083,,99,32889
3.5134637355804443,,99,32899
3.4533042907714844,,99,32909
3.505394220352173,,99,32919
3.4902899265289307,,99,32929
3.5441665649414062,,99,32939
3.491765260696411,,99,32949
3.455327033996582,,99,32959
3.447467803955078,,99,32969
3.5105605125427246,,99,32979
3.427431583404541,,99,32989
3.5461175441741943,,99,32999
3.686868190765381,,99,33009
3.4670376777648926,,99,33019
3.4425346851348877,,99,33029
3.4430644512176514,,99,33039
3.5649163722991943,,99,33049
3.4587578773498535,,99,33059
3.533466339111328,,99,33069
3.439344644546509,,99,33079
3.46478271484375,,99,33089
3.6689932346343994,,99,33099
3.564542055130005,,99,33109
3.437472343444824,,99,33119
3.4568514823913574,,99,33129
3.522683620452881,,99,33139
3.445328712463379,,99,33149
3.5970470905303955,,99,33159
3.5951271057128906,,99,33169
3.4558892250061035,,99,33179
3.6250529289245605,,99,33189
3.384546995162964,,99,33199
,3.514446973800659,99,33199
