epoch,step,train_auc_eval,train_f1_eval,train_loss,train_loss_epoch,train_loss_eval,train_map_eval,val_auc,val_f1,val_loss,val_map,weight_norm/fc.0.bias,weight_norm/fc.0.weight,weight_norm/fc.3.bias,weight_norm/fc.3.weight,weight_norm/gru.bias_hh_l0,weight_norm/gru.bias_ih_l0,weight_norm/gru.weight_hh_l0,weight_norm/gru.weight_ih_l0
0,0,0.7121742367744446,0.006424261722713709,,,0.053459702047745784,0.0349372997879982,,,,,,,,,,,,
0,0,,,,,,,,,,,0.30541926622390747,4.453547477722168,0.6228121519088745,6.358771800994873,0.2882104516029358,0.4251706302165985,2.5603134632110596,4.528328895568848
0,0,,,,,,,,,,,,,,,,,,
0,9,,,0.05094601958990097,,,,,,,,,,,,,,,
0,19,,,0.05827058106660843,,,,,,,,,,,,,,,
0,29,,,0.05431375652551651,,,,,,,,,,,,,,,
0,39,,,0.05419042706489563,,,,,,,,,,,,,,,
0,49,,,0.05711518973112106,,,,,,,,,,,,,,,
0,59,,,0.05628850683569908,,,,,,,,,,,,,,,
0,69,,,0.05292108654975891,,,,,,,,,,,,,,,
0,79,,,0.054277438670396805,,,,,,,,,,,,,,,
0,89,,,0.059882860630750656,,,,,,,,,,,,,,,
0,99,,,0.05363631993532181,,,,,,,,,,,,,,,
0,109,,,0.05589722841978073,,,,,,,,,,,,,,,
0,119,,,0.056875865906476974,,,,,,,,,,,,,,,
0,129,,,0.05453703552484512,,,,,,,,,,,,,,,
0,139,,,0.05312586575746536,,,,,,,,,,,,,,,
0,149,,,0.04779063165187836,,,,,,,,,,,,,,,
0,159,,,0.05433282256126404,,,,,,,,,,,,,,,
0,169,,,0.05646868050098419,,,,,,,,,,,,,,,
0,179,,,0.057411473244428635,,,,,,,,,,,,,,,
0,189,,,0.052705176174640656,,,,,,,,,,,,,,,
0,199,,,0.056786417961120605,,,,,,,,,,,,,,,
0,209,,,0.05189702659845352,,,,,,,,,,,,,,,
0,219,,,0.05234857648611069,,,,,,,,,,,,,,,
0,229,,,0.052800241857767105,,,,,,,,,,,,,,,
0,239,,,0.05501781031489372,,,,,,,,,,,,,,,
0,249,,,0.05374697595834732,,,,,,,,,,,,,,,
0,259,,,0.05197751149535179,,,,,,,,,,,,,,,
0,269,,,0.052960190922021866,,,,,,,,,,,,,,,
0,279,,,0.05562516301870346,,,,,,,,,,,,,,,
0,282,,,,0.05532431975007057,,,,,,,,,,,,,,
1,289,,,0.05448102951049805,,,,,,,,,,,,,,,
1,299,,,0.05434075742959976,,,,,,,,,,,,,,,
1,309,,,0.052724309265613556,,,,,,,,,,,,,,,
1,319,,,0.05459129065275192,,,,,,,,,,,,,,,
1,329,,,0.057930052280426025,,,,,,,,,,,,,,,
1,339,,,0.055019401013851166,,,,,,,,,,,,,,,
1,349,,,0.05917003005743027,,,,,,,,,,,,,,,
1,359,,,0.05244384706020355,,,,,,,,,,,,,,,
1,369,,,0.05574023351073265,,,,,,,,,,,,,,,
1,379,,,0.05309170484542847,,,,,,,,,,,,,,,
1,389,,,0.05516631901264191,,,,,,,,,,,,,,,
1,399,,,0.05913082882761955,,,,,,,,,,,,,,,
1,409,,,0.05274570360779762,,,,,,,,,,,,,,,
1,419,,,0.05535383149981499,,,,,,,,,,,,,,,
1,429,,,0.053947873413562775,,,,,,,,,,,,,,,
1,439,,,0.05313127860426903,,,,,,,,,,,,,,,
1,449,,,0.05479414016008377,,,,,,,,,,,,,,,
1,459,,,0.052415039390325546,,,,,,,,,,,,,,,
1,469,,,0.055693529546260834,,,,,,,,,,,,,,,
1,479,,,0.05126340314745903,,,,,,,,,,,,,,,
1,489,,,0.05454033240675926,,,,,,,,,,,,,,,
1,499,,,0.05381545424461365,,,,,,,,,,,,,,,
1,509,,,0.051586076617240906,,,,,,,,,,,,,,,
1,519,,,0.0497615784406662,,,,,,,,,,,,,,,
1,529,,,0.057068053632974625,,,,,,,,,,,,,,,
1,539,,,0.05437048152089119,,,,,,,,,,,,,,,
1,549,,,0.05265261232852936,,,,,,,,,,,,,,,
1,559,,,0.05793723464012146,,,,,,,,,,,,,,,
1,565,,,,0.05444057658314705,,,,,,,,,,,,,,
2,569,,,0.058806437999010086,,,,,,,,,,,,,,,
2,579,,,0.05417908355593681,,,,,,,,,,,,,,,
2,589,,,0.051924191415309906,,,,,,,,,,,,,,,
2,599,,,0.056439898908138275,,,,,,,,,,,,,,,
2,609,,,0.05283281207084656,,,,,,,,,,,,,,,
2,619,,,0.051924411207437515,,,,,,,,,,,,,,,
2,629,,,0.05554671958088875,,,,,,,,,,,,,,,
2,639,,,0.05341004580259323,,,,,,,,,,,,,,,
2,649,,,0.059471115469932556,,,,,,,,,,,,,,,
2,659,,,0.057946935296058655,,,,,,,,,,,,,,,
2,669,,,0.05114596709609032,,,,,,,,,,,,,,,
2,679,,,0.054529063403606415,,,,,,,,,,,,,,,
2,689,,,0.05579070746898651,,,,,,,,,,,,,,,
2,699,,,0.05658403038978577,,,,,,,,,,,,,,,
2,709,,,0.05450234189629555,,,,,,,,,,,,,,,
2,719,,,0.054728955030441284,,,,,,,,,,,,,,,
2,729,,,0.05189735069870949,,,,,,,,,,,,,,,
2,739,,,0.05688975751399994,,,,,,,,,,,,,,,
2,749,,,0.04978043958544731,,,,,,,,,,,,,,,
2,759,,,0.04907817393541336,,,,,,,,,,,,,,,
2,769,,,0.05751519650220871,,,,,,,,,,,,,,,
2,779,,,0.05597764253616333,,,,,,,,,,,,,,,
2,789,,,0.05199706181883812,,,,,,,,,,,,,,,
2,799,,,0.05286872386932373,,,,,,,,,,,,,,,
2,809,,,0.056132469326257706,,,,,,,,,,,,,,,
2,819,,,0.04818479344248772,,,,,,,,,,,,,,,
2,829,,,0.05427664518356323,,,,,,,,,,,,,,,
2,839,,,0.05623743683099747,,,,,,,,,,,,,,,
2,848,,,,0.05461256206035614,,,,,,,,,,,,,,
3,849,,,0.05672192946076393,,,,,,,,,,,,,,,
3,859,,,0.05021199584007263,,,,,,,,,,,,,,,
3,869,,,0.053259629756212234,,,,,,,,,,,,,,,
3,879,,,0.05460960417985916,,,,,,,,,,,,,,,
3,889,,,0.057091228663921356,,,,,,,,,,,,,,,
3,899,,,0.0563063770532608,,,,,,,,,,,,,,,
3,909,,,0.053637951612472534,,,,,,,,,,,,,,,
3,919,,,0.056303463876247406,,,,,,,,,,,,,,,
3,929,,,0.054779477417469025,,,,,,,,,,,,,,,
3,939,,,0.058202195912599564,,,,,,,,,,,,,,,
3,949,,,0.053364939987659454,,,,,,,,,,,,,,,
3,959,,,0.057790953665971756,,,,,,,,,,,,,,,
3,969,,,0.05181979387998581,,,,,,,,,,,,,,,
3,979,,,0.05339911952614784,,,,,,,,,,,,,,,
3,989,,,0.05597513169050217,,,,,,,,,,,,,,,
3,999,,,0.05331970006227493,,,,,,,,,,,,,,,
3,1009,,,0.05137038603425026,,,,,,,,,,,,,,,
3,1019,,,0.053217221051454544,,,,,,,,,,,,,,,
3,1029,,,0.0560416504740715,,,,,,,,,,,,,,,
3,1039,,,0.05431530624628067,,,,,,,,,,,,,,,
3,1049,,,0.05814225971698761,,,,,,,,,,,,,,,
3,1059,,,0.05130649358034134,,,,,,,,,,,,,,,
3,1069,,,0.05424027517437935,,,,,,,,,,,,,,,
3,1079,,,0.05513212829828262,,,,,,,,,,,,,,,
3,1089,,,0.05465196445584297,,,,,,,,,,,,,,,
3,1099,,,0.05456375703215599,,,,,,,,,,,,,,,
3,1109,,,0.05925013870000839,,,,,,,,,,,,,,,
3,1119,,,0.054217223078012466,,,,,,,,,,,,,,,
3,1129,,,0.055549729615449905,,,,,,,,,,,,,,,
3,1131,,,,0.05471508204936981,,,,,,,,,,,,,,
4,1139,,,0.051623351871967316,,,,,,,,,,,,,,,
4,1149,,,0.05821925029158592,,,,,,,,,,,,,,,
4,1159,,,0.05387809872627258,,,,,,,,,,,,,,,
4,1169,,,0.05518559366464615,,,,,,,,,,,,,,,
4,1179,,,0.053919583559036255,,,,,,,,,,,,,,,
4,1189,,,0.05179572105407715,,,,,,,,,,,,,,,
4,1199,,,0.05579185485839844,,,,,,,,,,,,,,,
4,1209,,,0.0535767488181591,,,,,,,,,,,,,,,
4,1219,,,0.057731274515390396,,,,,,,,,,,,,,,
4,1229,,,0.05808524042367935,,,,,,,,,,,,,,,
4,1239,,,0.05652061104774475,,,,,,,,,,,,,,,
4,1249,,,0.053079888224601746,,,,,,,,,,,,,,,
4,1259,,,0.05542713403701782,,,,,,,,,,,,,,,
4,1269,,,0.054075103253126144,,,,,,,,,,,,,,,
4,1279,,,0.05606810003519058,,,,,,,,,,,,,,,
4,1289,,,0.05599541962146759,,,,,,,,,,,,,,,
4,1299,,,0.05417428910732269,,,,,,,,,,,,,,,
4,1309,,,0.05196930840611458,,,,,,,,,,,,,,,
4,1319,,,0.058269206434488297,,,,,,,,,,,,,,,
4,1329,,,0.056681759655475616,,,,,,,,,,,,,,,
4,1339,,,0.0520661361515522,,,,,,,,,,,,,,,
4,1349,,,0.048602234572172165,,,,,,,,,,,,,,,
4,1359,,,0.05688571557402611,,,,,,,,,,,,,,,
4,1369,,,0.053979113698005676,,,,,,,,,,,,,,,
4,1379,,,0.056956809014081955,,,,,,,,,,,,,,,
4,1389,,,0.0573846660554409,,,,,,,,,,,,,,,
4,1399,,,0.05849038064479828,,,,,,,,,,,,,,,
4,1409,,,0.056501396000385284,,,,,,,,,,,,,,,
4,1414,,,,0.05482387915253639,,,,,,,,,,,,,,
5,1419,,,0.04964730516076088,,,,,,,,,,,,,,,
5,1429,,,0.05552949011325836,,,,,,,,,,,,,,,
5,1439,,,0.0535028800368309,,,,,,,,,,,,,,,
5,1449,,,0.05281699076294899,,,,,,,,,,,,,,,
5,1459,,,0.057332415133714676,,,,,,,,,,,,,,,
5,1469,,,0.05481308326125145,,,,,,,,,,,,,,,
5,1479,,,0.05475800484418869,,,,,,,,,,,,,,,
5,1489,,,0.053850945085287094,,,,,,,,,,,,,,,
5,1499,,,0.05526382476091385,,,,,,,,,,,,,,,
5,1509,,,0.05566932260990143,,,,,,,,,,,,,,,
5,1519,,,0.056603964418172836,,,,,,,,,,,,,,,
5,1529,,,0.05389024689793587,,,,,,,,,,,,,,,
5,1539,,,0.053488560020923615,,,,,,,,,,,,,,,
5,1549,,,0.06181356683373451,,,,,,,,,,,,,,,
5,1559,,,0.05193692445755005,,,,,,,,,,,,,,,
5,1569,,,0.05731422081589699,,,,,,,,,,,,,,,
5,1579,,,0.05344603210687637,,,,,,,,,,,,,,,
5,1589,,,0.054051145911216736,,,,,,,,,,,,,,,
5,1599,,,0.0535215362906456,,,,,,,,,,,,,,,
5,1609,,,0.05314090475440025,,,,,,,,,,,,,,,
5,1619,,,0.05351238697767258,,,,,,,,,,,,,,,
5,1629,,,0.05290994793176651,,,,,,,,,,,,,,,
5,1639,,,0.049996621906757355,,,,,,,,,,,,,,,
5,1649,,,0.05352206900715828,,,,,,,,,,,,,,,
5,1659,,,0.05561023950576782,,,,,,,,,,,,,,,
5,1669,,,0.05325262248516083,,,,,,,,,,,,,,,
5,1679,,,0.049549221992492676,,,,,,,,,,,,,,,
5,1689,,,0.056838665157556534,,,,,,,,,,,,,,,
5,1697,,,,0.05455147847533226,,,,,,,,,,,,,,
6,1699,,,0.05680019408464432,,,,,,,,,,,,,,,
6,1709,,,0.05657806992530823,,,,,,,,,,,,,,,
6,1719,,,0.052175939083099365,,,,,,,,,,,,,,,
6,1729,,,0.05218859761953354,,,,,,,,,,,,,,,
6,1739,,,0.053284335881471634,,,,,,,,,,,,,,,
6,1749,,,0.050617482513189316,,,,,,,,,,,,,,,
6,1759,,,0.05607493594288826,,,,,,,,,,,,,,,
6,1769,,,0.055259086191654205,,,,,,,,,,,,,,,
6,1779,,,0.0558939054608345,,,,,,,,,,,,,,,
6,1789,,,0.05282850190997124,,,,,,,,,,,,,,,
6,1799,,,0.054696597158908844,,,,,,,,,,,,,,,
6,1809,,,0.05500510707497597,,,,,,,,,,,,,,,
6,1819,,,0.056646764278411865,,,,,,,,,,,,,,,
6,1829,,,0.05109803378582001,,,,,,,,,,,,,,,
6,1839,,,0.053833987563848495,,,,,,,,,,,,,,,
6,1849,,,0.05094999819993973,,,,,,,,,,,,,,,
6,1859,,,0.05061753839254379,,,,,,,,,,,,,,,
6,1869,,,0.05501632019877434,,,,,,,,,,,,,,,
6,1879,,,0.054028116166591644,,,,,,,,,,,,,,,
6,1889,,,0.056991465389728546,,,,,,,,,,,,,,,
6,1899,,,0.050144635140895844,,,,,,,,,,,,,,,
6,1909,,,0.0555516816675663,,,,,,,,,,,,,,,
6,1919,,,0.053865086287260056,,,,,,,,,,,,,,,
6,1929,,,0.05568825453519821,,,,,,,,,,,,,,,
6,1939,,,0.049604423344135284,,,,,,,,,,,,,,,
6,1949,,,0.0506695993244648,,,,,,,,,,,,,,,
6,1959,,,0.0554967038333416,,,,,,,,,,,,,,,
6,1969,,,0.05913956090807915,,,,,,,,,,,,,,,
6,1979,,,0.053683605045080185,,,,,,,,,,,,,,,
6,1980,,,,0.05473872646689415,,,,,,,,,,,,,,
7,1989,,,0.05754057317972183,,,,,,,,,,,,,,,
7,1999,,,0.051074858754873276,,,,,,,,,,,,,,,
7,2009,,,0.056567370891571045,,,,,,,,,,,,,,,
7,2019,,,0.05911141633987427,,,,,,,,,,,,,,,
7,2029,,,0.0556408055126667,,,,,,,,,,,,,,,
7,2039,,,0.05316069722175598,,,,,,,,,,,,,,,
7,2049,,,0.05748558044433594,,,,,,,,,,,,,,,
7,2059,,,0.05507127568125725,,,,,,,,,,,,,,,
7,2069,,,0.05105116590857506,,,,,,,,,,,,,,,
7,2079,,,0.05652400851249695,,,,,,,,,,,,,,,
7,2089,,,0.056413158774375916,,,,,,,,,,,,,,,
7,2099,,,0.05368287116289139,,,,,,,,,,,,,,,
7,2109,,,0.055870421230793,,,,,,,,,,,,,,,
7,2119,,,0.05038109049201012,,,,,,,,,,,,,,,
7,2129,,,0.05804514139890671,,,,,,,,,,,,,,,
7,2139,,,0.0512346550822258,,,,,,,,,,,,,,,
7,2149,,,0.054901596158742905,,,,,,,,,,,,,,,
7,2159,,,0.05021458491683006,,,,,,,,,,,,,,,
7,2169,,,0.05557496100664139,,,,,,,,,,,,,,,
7,2179,,,0.0498165488243103,,,,,,,,,,,,,,,
7,2189,,,0.0556812547147274,,,,,,,,,,,,,,,
7,2199,,,0.05517200008034706,,,,,,,,,,,,,,,
7,2209,,,0.053455986082553864,,,,,,,,,,,,,,,
7,2219,,,0.05177530273795128,,,,,,,,,,,,,,,
7,2229,,,0.05467605963349342,,,,,,,,,,,,,,,
7,2239,,,0.05565759167075157,,,,,,,,,,,,,,,
7,2249,,,0.048913173377513885,,,,,,,,,,,,,,,
7,2259,,,0.052415020763874054,,,,,,,,,,,,,,,
7,2263,,,,0.054726749658584595,,,,,,,,,,,,,,
8,2269,,,0.057288333773612976,,,,,,,,,,,,,,,
8,2279,,,0.059804730117321014,,,,,,,,,,,,,,,
8,2289,,,0.054718777537345886,,,,,,,,,,,,,,,
8,2299,,,0.05249175801873207,,,,,,,,,,,,,,,
8,2309,,,0.05375446751713753,,,,,,,,,,,,,,,
8,2319,,,0.05490037053823471,,,,,,,,,,,,,,,
8,2329,,,0.052277978509664536,,,,,,,,,,,,,,,
8,2339,,,0.0531381219625473,,,,,,,,,,,,,,,
8,2349,,,0.0547003448009491,,,,,,,,,,,,,,,
8,2359,,,0.05389125272631645,,,,,,,,,,,,,,,
8,2369,,,0.058126792311668396,,,,,,,,,,,,,,,
8,2379,,,0.05602725222706795,,,,,,,,,,,,,,,
8,2389,,,0.05501025915145874,,,,,,,,,,,,,,,
8,2399,,,0.05250341072678566,,,,,,,,,,,,,,,
8,2409,,,0.04935383051633835,,,,,,,,,,,,,,,
8,2419,,,0.054311398416757584,,,,,,,,,,,,,,,
8,2429,,,0.05415353924036026,,,,,,,,,,,,,,,
8,2439,,,0.05694694072008133,,,,,,,,,,,,,,,
8,2449,,,0.05650319159030914,,,,,,,,,,,,,,,
8,2459,,,0.06002633646130562,,,,,,,,,,,,,,,
8,2469,,,0.055785275995731354,,,,,,,,,,,,,,,
8,2479,,,0.05545917898416519,,,,,,,,,,,,,,,
8,2489,,,0.05393056944012642,,,,,,,,,,,,,,,
8,2499,,,0.05709448084235191,,,,,,,,,,,,,,,
8,2509,,,0.05254490673542023,,,,,,,,,,,,,,,
8,2519,,,0.054621897637844086,,,,,,,,,,,,,,,
8,2529,,,0.05225863680243492,,,,,,,,,,,,,,,
8,2539,,,0.05323586240410805,,,,,,,,,,,,,,,
8,2546,,,,0.05466025322675705,,,,,,,,,,,,,,
9,2549,,,0.059356022626161575,,,,,,,,,,,,,,,
9,2559,,,0.05474209412932396,,,,,,,,,,,,,,,
9,2569,,,0.054716821759939194,,,,,,,,,,,,,,,
9,2579,,,0.05650395527482033,,,,,,,,,,,,,,,
9,2589,,,0.050367388874292374,,,,,,,,,,,,,,,
9,2599,,,0.053172070533037186,,,,,,,,,,,,,,,
9,2609,,,0.052813995629549026,,,,,,,,,,,,,,,
9,2619,,,0.05622393637895584,,,,,,,,,,,,,,,
9,2629,,,0.051718320697546005,,,,,,,,,,,,,,,
9,2639,,,0.05424576997756958,,,,,,,,,,,,,,,
9,2649,,,0.053109873086214066,,,,,,,,,,,,,,,
9,2659,,,0.058959878981113434,,,,,,,,,,,,,,,
9,2669,,,0.05432777479290962,,,,,,,,,,,,,,,
9,2679,,,0.05523020401597023,,,,,,,,,,,,,,,
9,2689,,,0.05145379528403282,,,,,,,,,,,,,,,
9,2699,,,0.05414901673793793,,,,,,,,,,,,,,,
9,2709,,,0.051552146673202515,,,,,,,,,,,,,,,
9,2719,,,0.05558076500892639,,,,,,,,,,,,,,,
9,2729,,,0.055989526212215424,,,,,,,,,,,,,,,
9,2739,,,0.05080809071660042,,,,,,,,,,,,,,,
9,2749,,,0.05488824471831322,,,,,,,,,,,,,,,
9,2759,,,0.05156896263360977,,,,,,,,,,,,,,,
9,2769,,,0.05429435893893242,,,,,,,,,,,,,,,
9,2779,,,0.05081554874777794,,,,,,,,,,,,,,,
9,2789,,,0.05386300012469292,,,,,,,,,,,,,,,
9,2799,,,0.05250554159283638,,,,,,,,,,,,,,,
9,2809,,,0.05511334538459778,,,,,,,,,,,,,,,
9,2819,,,0.05336587876081467,,,,,,,,,,,,,,,
9,2829,,,0.05393502488732338,,,,,,,,,,,,,,,
9,9,0.708484947681427,0.0016852951375767589,,,0.05629317714053211,0.03596677631139755,,,,,,,,,,,,
9,9,,,,,,,,,,,0.3485903739929199,4.7374372482299805,0.6363199353218079,6.108643054962158,0.8058048486709595,1.066765308380127,6.882275581359863,7.762603282928467
9,9,,,,,,,,,,,,,,,,,,
9,2829,,,,,,,0.3317669630050659,0.0,0.05886446312069893,0.07376023381948471,,,,,,,,
9,2829,,,,0.054705094546079636,,,,,,,,,,,,,,
10,2839,,,0.057671304792165756,,,,,,,,,,,,,,,
10,2849,,,0.06268063187599182,,,,,,,,,,,,,,,
10,2859,,,0.05266779661178589,,,,,,,,,,,,,,,
10,2869,,,0.054522980004549026,,,,,,,,,,,,,,,
10,2879,,,0.0626479983329773,,,,,,,,,,,,,,,
10,2889,,,0.05432194843888283,,,,,,,,,,,,,,,
10,2899,,,0.05562921613454819,,,,,,,,,,,,,,,
10,2909,,,0.05423160269856453,,,,,,,,,,,,,,,
10,2919,,,0.05965816602110863,,,,,,,,,,,,,,,
10,2929,,,0.05711736902594566,,,,,,,,,,,,,,,
10,2939,,,0.05119797959923744,,,,,,,,,,,,,,,
10,2949,,,0.05277677997946739,,,,,,,,,,,,,,,
10,2959,,,0.05144262686371803,,,,,,,,,,,,,,,
10,2969,,,0.05141906067728996,,,,,,,,,,,,,,,
10,2979,,,0.05121739208698273,,,,,,,,,,,,,,,
10,2989,,,0.055000901222229004,,,,,,,,,,,,,,,
10,2999,,,0.05532652512192726,,,,,,,,,,,,,,,
10,3009,,,0.05944059416651726,,,,,,,,,,,,,,,
10,3019,,,0.05273820832371712,,,,,,,,,,,,,,,
10,3029,,,0.0504995658993721,,,,,,,,,,,,,,,
10,3039,,,0.05109122022986412,,,,,,,,,,,,,,,
10,3049,,,0.05355288088321686,,,,,,,,,,,,,,,
10,3059,,,0.049642663449048996,,,,,,,,,,,,,,,
10,3069,,,0.05543586239218712,,,,,,,,,,,,,,,
10,3079,,,0.05396118015050888,,,,,,,,,,,,,,,
10,3089,,,0.05318668857216835,,,,,,,,,,,,,,,
10,3099,,,0.05973244458436966,,,,,,,,,,,,,,,
10,3109,,,0.05654394254088402,,,,,,,,,,,,,,,
10,3112,,,,0.05474308878183365,,,,,,,,,,,,,,
11,3119,,,0.05770941078662872,,,,,,,,,,,,,,,
11,3129,,,0.053113169968128204,,,,,,,,,,,,,,,
11,3139,,,0.054565805941820145,,,,,,,,,,,,,,,
11,3149,,,0.050481341779232025,,,,,,,,,,,,,,,
11,3159,,,0.05344909057021141,,,,,,,,,,,,,,,
11,3169,,,0.056927572935819626,,,,,,,,,,,,,,,
11,3179,,,0.051780834794044495,,,,,,,,,,,,,,,
11,3189,,,0.048701994121074677,,,,,,,,,,,,,,,
11,3199,,,0.05467774346470833,,,,,,,,,,,,,,,
11,3209,,,0.05352276563644409,,,,,,,,,,,,,,,
11,3219,,,0.05620662868022919,,,,,,,,,,,,,,,
11,3229,,,0.05231741815805435,,,,,,,,,,,,,,,
11,3239,,,0.051684629172086716,,,,,,,,,,,,,,,
11,3249,,,0.05045682564377785,,,,,,,,,,,,,,,
11,3259,,,0.053948577493429184,,,,,,,,,,,,,,,
11,3269,,,0.056155234575271606,,,,,,,,,,,,,,,
11,3279,,,0.05039433017373085,,,,,,,,,,,,,,,
11,3289,,,0.05141384154558182,,,,,,,,,,,,,,,
11,3299,,,0.055719755589962006,,,,,,,,,,,,,,,
11,3309,,,0.0492723248898983,,,,,,,,,,,,,,,
11,3319,,,0.05747080594301224,,,,,,,,,,,,,,,
11,3329,,,0.0514289066195488,,,,,,,,,,,,,,,
11,3339,,,0.052168577909469604,,,,,,,,,,,,,,,
11,3349,,,0.054774120450019836,,,,,,,,,,,,,,,
11,3359,,,0.05495936796069145,,,,,,,,,,,,,,,
11,3369,,,0.05819755792617798,,,,,,,,,,,,,,,
11,3379,,,0.05249493196606636,,,,,,,,,,,,,,,
11,3389,,,0.05315489321947098,,,,,,,,,,,,,,,
11,3395,,,,0.054374825209379196,,,,,,,,,,,,,,
12,3399,,,0.05198265239596367,,,,,,,,,,,,,,,
12,3409,,,0.05265917256474495,,,,,,,,,,,,,,,
12,3419,,,0.05620747059583664,,,,,,,,,,,,,,,
12,3429,,,0.05393516644835472,,,,,,,,,,,,,,,
12,3439,,,0.05639111250638962,,,,,,,,,,,,,,,
12,3449,,,0.05359191074967384,,,,,,,,,,,,,,,
12,3459,,,0.05485282465815544,,,,,,,,,,,,,,,
12,3469,,,0.052116427570581436,,,,,,,,,,,,,,,
12,3479,,,0.055427756160497665,,,,,,,,,,,,,,,
12,3489,,,0.05479332059621811,,,,,,,,,,,,,,,
12,3499,,,0.05318526551127434,,,,,,,,,,,,,,,
12,3509,,,0.05897706001996994,,,,,,,,,,,,,,,
12,3519,,,0.05042067915201187,,,,,,,,,,,,,,,
12,3529,,,0.05398804694414139,,,,,,,,,,,,,,,
12,3539,,,0.054523296654224396,,,,,,,,,,,,,,,
12,3549,,,0.05489915609359741,,,,,,,,,,,,,,,
12,3559,,,0.05578853562474251,,,,,,,,,,,,,,,
12,3569,,,0.05472183600068092,,,,,,,,,,,,,,,
12,3579,,,0.0527820847928524,,,,,,,,,,,,,,,
12,3589,,,0.05272619053721428,,,,,,,,,,,,,,,
12,3599,,,0.056386277079582214,,,,,,,,,,,,,,,
12,3609,,,0.052384745329618454,,,,,,,,,,,,,,,
12,3619,,,0.05773838236927986,,,,,,,,,,,,,,,
12,3629,,,0.05414734408259392,,,,,,,,,,,,,,,
12,3639,,,0.0527038499712944,,,,,,,,,,,,,,,
12,3649,,,0.05721401050686836,,,,,,,,,,,,,,,
12,3659,,,0.054015740752220154,,,,,,,,,,,,,,,
12,3669,,,0.05301865562796593,,,,,,,,,,,,,,,
12,3678,,,,0.05462520197033882,,,,,,,,,,,,,,
13,3679,,,0.05225015804171562,,,,,,,,,,,,,,,
13,3689,,,0.05370108410716057,,,,,,,,,,,,,,,
13,3699,,,0.054304394870996475,,,,,,,,,,,,,,,
13,3709,,,0.05113517865538597,,,,,,,,,,,,,,,
13,3719,,,0.057021066546440125,,,,,,,,,,,,,,,
13,3729,,,0.05720914155244827,,,,,,,,,,,,,,,
13,3739,,,0.05416208505630493,,,,,,,,,,,,,,,
13,3749,,,0.053155429661273956,,,,,,,,,,,,,,,
13,3759,,,0.05160406976938248,,,,,,,,,,,,,,,
13,3769,,,0.05328090116381645,,,,,,,,,,,,,,,
13,3779,,,0.05564384534955025,,,,,,,,,,,,,,,
13,3789,,,0.05951033905148506,,,,,,,,,,,,,,,
13,3799,,,0.0521109439432621,,,,,,,,,,,,,,,
13,3809,,,0.0534234344959259,,,,,,,,,,,,,,,
13,3819,,,0.055795419961214066,,,,,,,,,,,,,,,
13,3829,,,0.05473041906952858,,,,,,,,,,,,,,,
13,3839,,,0.05444083735346794,,,,,,,,,,,,,,,
13,3849,,,0.052530687302351,,,,,,,,,,,,,,,
13,3859,,,0.05044950172305107,,,,,,,,,,,,,,,
13,3869,,,0.05238448455929756,,,,,,,,,,,,,,,
13,3879,,,0.05036415904760361,,,,,,,,,,,,,,,
13,3889,,,0.055914975702762604,,,,,,,,,,,,,,,
13,3899,,,0.052225854247808456,,,,,,,,,,,,,,,
13,3909,,,0.05380149558186531,,,,,,,,,,,,,,,
13,3919,,,0.05736689269542694,,,,,,,,,,,,,,,
13,3929,,,0.056840166449546814,,,,,,,,,,,,,,,
13,3939,,,0.05784960836172104,,,,,,,,,,,,,,,
13,3949,,,0.053918883204460144,,,,,,,,,,,,,,,
13,3959,,,0.053244348615407944,,,,,,,,,,,,,,,
13,3961,,,,0.054525069892406464,,,,,,,,,,,,,,
14,3969,,,0.05405629798769951,,,,,,,,,,,,,,,
14,3979,,,0.05374373495578766,,,,,,,,,,,,,,,
14,3989,,,0.05234608054161072,,,,,,,,,,,,,,,
14,3999,,,0.05183781683444977,,,,,,,,,,,,,,,
14,4009,,,0.05423561856150627,,,,,,,,,,,,,,,
14,4019,,,0.05824827775359154,,,,,,,,,,,,,,,
14,4029,,,0.05306500196456909,,,,,,,,,,,,,,,
14,4039,,,0.0553622730076313,,,,,,,,,,,,,,,
14,4049,,,0.05606710538268089,,,,,,,,,,,,,,,
14,4059,,,0.0535377562046051,,,,,,,,,,,,,,,
14,4069,,,0.05503728985786438,,,,,,,,,,,,,,,
14,4079,,,0.05429902300238609,,,,,,,,,,,,,,,
14,4089,,,0.053442392498254776,,,,,,,,,,,,,,,
14,4099,,,0.05492216721177101,,,,,,,,,,,,,,,
14,4109,,,0.05630093812942505,,,,,,,,,,,,,,,
14,4119,,,0.05318195000290871,,,,,,,,,,,,,,,
14,4129,,,0.05245556682348251,,,,,,,,,,,,,,,
14,4139,,,0.05659373104572296,,,,,,,,,,,,,,,
14,4149,,,0.053452685475349426,,,,,,,,,,,,,,,
14,4159,,,0.05403565615415573,,,,,,,,,,,,,,,
14,4169,,,0.05446373298764229,,,,,,,,,,,,,,,
14,4179,,,0.05312178656458855,,,,,,,,,,,,,,,
14,4189,,,0.052852462977170944,,,,,,,,,,,,,,,
14,4199,,,0.05409727618098259,,,,,,,,,,,,,,,
14,4209,,,0.052487023174762726,,,,,,,,,,,,,,,
14,4219,,,0.052972372621297836,,,,,,,,,,,,,,,
14,4229,,,0.05663137510418892,,,,,,,,,,,,,,,
14,4239,,,0.05888077989220619,,,,,,,,,,,,,,,
14,4244,,,,0.054776716977357864,,,,,,,,,,,,,,
15,4249,,,0.05776463449001312,,,,,,,,,,,,,,,
15,4259,,,0.058302126824855804,,,,,,,,,,,,,,,
15,4269,,,0.05679965764284134,,,,,,,,,,,,,,,
15,4279,,,0.05252433940768242,,,,,,,,,,,,,,,
15,4289,,,0.052282772958278656,,,,,,,,,,,,,,,
15,4299,,,0.05497926473617554,,,,,,,,,,,,,,,
15,4309,,,0.049189336597919464,,,,,,,,,,,,,,,
15,4319,,,0.05881289392709732,,,,,,,,,,,,,,,
15,4329,,,0.053812749683856964,,,,,,,,,,,,,,,
15,4339,,,0.05239520221948624,,,,,,,,,,,,,,,
15,4349,,,0.05109658092260361,,,,,,,,,,,,,,,
15,4359,,,0.05141155421733856,,,,,,,,,,,,,,,
15,4369,,,0.056856028735637665,,,,,,,,,,,,,,,
15,4379,,,0.055864304304122925,,,,,,,,,,,,,,,
15,4389,,,0.057644836604595184,,,,,,,,,,,,,,,
15,4399,,,0.05467330664396286,,,,,,,,,,,,,,,
15,4409,,,0.0582706518471241,,,,,,,,,,,,,,,
15,4419,,,0.06158461794257164,,,,,,,,,,,,,,,
15,4429,,,0.0605405755341053,,,,,,,,,,,,,,,
15,4439,,,0.05493820831179619,,,,,,,,,,,,,,,
15,4449,,,0.05975154787302017,,,,,,,,,,,,,,,
15,4459,,,0.06045829877257347,,,,,,,,,,,,,,,
15,4469,,,0.054859697818756104,,,,,,,,,,,,,,,
15,4479,,,0.05551503598690033,,,,,,,,,,,,,,,
15,4489,,,0.05762919783592224,,,,,,,,,,,,,,,
15,4499,,,0.05327945575118065,,,,,,,,,,,,,,,
15,4509,,,0.054596494883298874,,,,,,,,,,,,,,,
15,4519,,,0.057201024144887924,,,,,,,,,,,,,,,
15,4527,,,,0.05502297356724739,,,,,,,,,,,,,,
16,4529,,,0.053977642208337784,,,,,,,,,,,,,,,
16,4539,,,0.056912582367658615,,,,,,,,,,,,,,,
16,4549,,,0.05453462898731232,,,,,,,,,,,,,,,
16,4559,,,0.0560268796980381,,,,,,,,,,,,,,,
16,4569,,,0.05282459035515785,,,,,,,,,,,,,,,
16,4579,,,0.050762493163347244,,,,,,,,,,,,,,,
16,4589,,,0.054393380880355835,,,,,,,,,,,,,,,
16,4599,,,0.05176737532019615,,,,,,,,,,,,,,,
16,4609,,,0.054989974945783615,,,,,,,,,,,,,,,
16,4619,,,0.05967028811573982,,,,,,,,,,,,,,,
16,4629,,,0.05440447852015495,,,,,,,,,,,,,,,
16,4639,,,0.05720028653740883,,,,,,,,,,,,,,,
16,4649,,,0.058157309889793396,,,,,,,,,,,,,,,
16,4659,,,0.05262797698378563,,,,,,,,,,,,,,,
16,4669,,,0.05241949483752251,,,,,,,,,,,,,,,
16,4679,,,0.05859898403286934,,,,,,,,,,,,,,,
16,4689,,,0.05681808292865753,,,,,,,,,,,,,,,
16,4699,,,0.05284513533115387,,,,,,,,,,,,,,,
16,4709,,,0.05477523058652878,,,,,,,,,,,,,,,
16,4719,,,0.05853388458490372,,,,,,,,,,,,,,,
16,4729,,,0.0560695044696331,,,,,,,,,,,,,,,
16,4739,,,0.0550052672624588,,,,,,,,,,,,,,,
16,4749,,,0.058054275810718536,,,,,,,,,,,,,,,
16,4759,,,0.059174731373786926,,,,,,,,,,,,,,,
16,4769,,,0.0520225390791893,,,,,,,,,,,,,,,
16,4779,,,0.053593140095472336,,,,,,,,,,,,,,,
16,4789,,,0.05474156513810158,,,,,,,,,,,,,,,
16,4799,,,0.055273618549108505,,,,,,,,,,,,,,,
16,4809,,,0.05296315625309944,,,,,,,,,,,,,,,
16,4810,,,,0.05460572987794876,,,,,,,,,,,,,,
17,4819,,,0.05320363491773605,,,,,,,,,,,,,,,
17,4829,,,0.05718489736318588,,,,,,,,,,,,,,,
17,4839,,,0.054537106305360794,,,,,,,,,,,,,,,
17,4849,,,0.051862750202417374,,,,,,,,,,,,,,,
17,4859,,,0.050901442766189575,,,,,,,,,,,,,,,
17,4869,,,0.05309484153985977,,,,,,,,,,,,,,,
17,4879,,,0.05701727792620659,,,,,,,,,,,,,,,
17,4889,,,0.051753826439380646,,,,,,,,,,,,,,,
17,4899,,,0.056288767606019974,,,,,,,,,,,,,,,
17,4909,,,0.05304360389709473,,,,,,,,,,,,,,,
17,4919,,,0.053082823753356934,,,,,,,,,,,,,,,
17,4929,,,0.052629269659519196,,,,,,,,,,,,,,,
17,4939,,,0.05116730183362961,,,,,,,,,,,,,,,
17,4949,,,0.05352150276303291,,,,,,,,,,,,,,,
17,4959,,,0.05422596260905266,,,,,,,,,,,,,,,
17,4969,,,0.05538991093635559,,,,,,,,,,,,,,,
17,4979,,,0.053504735231399536,,,,,,,,,,,,,,,
17,4989,,,0.05471042916178703,,,,,,,,,,,,,,,
17,4999,,,0.0631038248538971,,,,,,,,,,,,,,,
17,5009,,,0.05642364174127579,,,,,,,,,,,,,,,
17,5019,,,0.053065404295921326,,,,,,,,,,,,,,,
17,5029,,,0.053699247539043427,,,,,,,,,,,,,,,
17,5039,,,0.05879142880439758,,,,,,,,,,,,,,,
17,5049,,,0.055342625826597214,,,,,,,,,,,,,,,
17,5059,,,0.05124937742948532,,,,,,,,,,,,,,,
17,5069,,,0.059881143271923065,,,,,,,,,,,,,,,
17,5079,,,0.0579066164791584,,,,,,,,,,,,,,,
17,5089,,,0.055533237755298615,,,,,,,,,,,,,,,
17,5093,,,,0.054988838732242584,,,,,,,,,,,,,,
18,5099,,,0.05343569070100784,,,,,,,,,,,,,,,
18,5109,,,0.05353227257728577,,,,,,,,,,,,,,,
18,5119,,,0.05357274040579796,,,,,,,,,,,,,,,
18,5129,,,0.05936736986041069,,,,,,,,,,,,,,,
18,5139,,,0.054487571120262146,,,,,,,,,,,,,,,
18,5149,,,0.051930271089076996,,,,,,,,,,,,,,,
18,5159,,,0.0547066330909729,,,,,,,,,,,,,,,
18,5169,,,0.05405469983816147,,,,,,,,,,,,,,,
18,5179,,,0.05505609139800072,,,,,,,,,,,,,,,
18,5189,,,0.05464305728673935,,,,,,,,,,,,,,,
18,5199,,,0.05309435725212097,,,,,,,,,,,,,,,
18,5209,,,0.05552484095096588,,,,,,,,,,,,,,,
18,5219,,,0.051517508924007416,,,,,,,,,,,,,,,
18,5229,,,0.04933072254061699,,,,,,,,,,,,,,,
18,5239,,,0.05457952618598938,,,,,,,,,,,,,,,
18,5249,,,0.052385855466127396,,,,,,,,,,,,,,,
18,5259,,,0.05601799115538597,,,,,,,,,,,,,,,
18,5269,,,0.053672295063734055,,,,,,,,,,,,,,,
18,5279,,,0.05372774973511696,,,,,,,,,,,,,,,
18,5289,,,0.056187767535448074,,,,,,,,,,,,,,,
18,5299,,,0.05819061025977135,,,,,,,,,,,,,,,
18,5309,,,0.054099131375551224,,,,,,,,,,,,,,,
18,5319,,,0.056779857724905014,,,,,,,,,,,,,,,
18,5329,,,0.056804124265909195,,,,,,,,,,,,,,,
18,5339,,,0.05691083148121834,,,,,,,,,,,,,,,
18,5349,,,0.0580015666782856,,,,,,,,,,,,,,,
18,5359,,,0.05972547456622124,,,,,,,,,,,,,,,
18,5369,,,0.05433148518204689,,,,,,,,,,,,,,,
18,5376,,,,0.054526377469301224,,,,,,,,,,,,,,
19,5379,,,0.05583031475543976,,,,,,,,,,,,,,,
19,5389,,,0.05460792034864426,,,,,,,,,,,,,,,
19,5399,,,0.05989040434360504,,,,,,,,,,,,,,,
19,5409,,,0.05780051648616791,,,,,,,,,,,,,,,
19,5419,,,0.054527971893548965,,,,,,,,,,,,,,,
19,5429,,,0.053031254559755325,,,,,,,,,,,,,,,
19,5439,,,0.05629996955394745,,,,,,,,,,,,,,,
19,5449,,,0.05615285038948059,,,,,,,,,,,,,,,
19,5459,,,0.053284384310245514,,,,,,,,,,,,,,,
19,5469,,,0.05708892643451691,,,,,,,,,,,,,,,
19,5479,,,0.054624028503894806,,,,,,,,,,,,,,,
19,5489,,,0.05557894706726074,,,,,,,,,,,,,,,
19,5499,,,0.05285920947790146,,,,,,,,,,,,,,,
19,5509,,,0.052308887243270874,,,,,,,,,,,,,,,
19,5519,,,0.05538966506719589,,,,,,,,,,,,,,,
19,5529,,,0.05502427741885185,,,,,,,,,,,,,,,
19,5539,,,0.052340008318424225,,,,,,,,,,,,,,,
19,5549,,,0.05892641469836235,,,,,,,,,,,,,,,
19,5559,,,0.053523950278759,,,,,,,,,,,,,,,
19,5569,,,0.05404653027653694,,,,,,,,,,,,,,,
19,5579,,,0.06495977938175201,,,,,,,,,,,,,,,
19,5589,,,0.05422721430659294,,,,,,,,,,,,,,,
19,5599,,,0.05367182567715645,,,,,,,,,,,,,,,
19,5609,,,0.053753312677145004,,,,,,,,,,,,,,,
19,5619,,,0.05463755503296852,,,,,,,,,,,,,,,
19,5629,,,0.053249552845954895,,,,,,,,,,,,,,,
19,5639,,,0.053432244807481766,,,,,,,,,,,,,,,
19,5649,,,0.05637286975979805,,,,,,,,,,,,,,,
19,5659,,,0.052876781672239304,,,,,,,,,,,,,,,
19,19,0.7085137963294983,0.006627700757235289,,,0.05597966155637924,0.03524227440357208,,,,,,,,,,,,
19,19,,,,,,,,,,,0.2839810252189636,4.440201759338379,0.6179478168487549,6.417582035064697,0.3391132652759552,0.5324957966804504,3.413372755050659,4.832439422607422
19,19,,,,,,,,,,,,,,,,,,
19,5659,,,,,,,0.34026283025741577,0.006732672918587923,0.05812510848045349,0.08892141282558441,,,,,,,,
19,5659,,,,0.05459589511156082,,,,,,,,,,,,,,
20,5669,,,0.05253953859210014,,,,,,,,,,,,,,,
20,5679,,,0.055059030652046204,,,,,,,,,,,,,,,
20,5689,,,0.05799759551882744,,,,,,,,,,,,,,,
20,5699,,,0.054064251482486725,,,,,,,,,,,,,,,
20,5709,,,0.053813762962818146,,,,,,,,,,,,,,,
20,5719,,,0.05206266790628433,,,,,,,,,,,,,,,
20,5729,,,0.05733666941523552,,,,,,,,,,,,,,,
20,5739,,,0.05107656866312027,,,,,,,,,,,,,,,
20,5749,,,0.051745377480983734,,,,,,,,,,,,,,,
20,5759,,,0.05287294089794159,,,,,,,,,,,,,,,
20,5769,,,0.055102329701185226,,,,,,,,,,,,,,,
20,5779,,,0.05300113558769226,,,,,,,,,,,,,,,
20,5789,,,0.05186895653605461,,,,,,,,,,,,,,,
20,5799,,,0.055283982306718826,,,,,,,,,,,,,,,
20,5809,,,0.057759951800107956,,,,,,,,,,,,,,,
20,5819,,,0.054925449192523956,,,,,,,,,,,,,,,
20,5829,,,0.05507485941052437,,,,,,,,,,,,,,,
20,5839,,,0.05530343949794769,,,,,,,,,,,,,,,
20,5849,,,0.05740215256810188,,,,,,,,,,,,,,,
20,5859,,,0.05542130768299103,,,,,,,,,,,,,,,
20,5869,,,0.05228739604353905,,,,,,,,,,,,,,,
20,5879,,,0.05863682180643082,,,,,,,,,,,,,,,
20,5889,,,0.054705649614334106,,,,,,,,,,,,,,,
20,5899,,,0.05157865583896637,,,,,,,,,,,,,,,
20,5909,,,0.05334693565964699,,,,,,,,,,,,,,,
20,5919,,,0.05042167752981186,,,,,,,,,,,,,,,
20,5929,,,0.05471595376729965,,,,,,,,,,,,,,,
20,5939,,,0.05410635098814964,,,,,,,,,,,,,,,
20,5942,,,,0.05472836643457413,,,,,,,,,,,,,,
21,5949,,,0.05709458515048027,,,,,,,,,,,,,,,
21,5959,,,0.053517576307058334,,,,,,,,,,,,,,,
21,5969,,,0.05233784765005112,,,,,,,,,,,,,,,
21,5979,,,0.05750332027673721,,,,,,,,,,,,,,,
21,5989,,,0.051351696252822876,,,,,,,,,,,,,,,
21,5999,,,0.0505024753510952,,,,,,,,,,,,,,,
21,6009,,,0.05059368535876274,,,,,,,,,,,,,,,
21,6019,,,0.05733796954154968,,,,,,,,,,,,,,,
21,6029,,,0.05191587284207344,,,,,,,,,,,,,,,
21,6039,,,0.054358795285224915,,,,,,,,,,,,,,,
21,6049,,,0.053496912121772766,,,,,,,,,,,,,,,
21,6059,,,0.05478598549962044,,,,,,,,,,,,,,,
21,6069,,,0.055556897073984146,,,,,,,,,,,,,,,
21,6079,,,0.0581095926463604,,,,,,,,,,,,,,,
21,6089,,,0.05637016519904137,,,,,,,,,,,,,,,
21,6099,,,0.05834959074854851,,,,,,,,,,,,,,,
21,6109,,,0.055714670568704605,,,,,,,,,,,,,,,
21,6119,,,0.05388372763991356,,,,,,,,,,,,,,,
21,6129,,,0.05563870817422867,,,,,,,,,,,,,,,
21,6139,,,0.05288458243012428,,,,,,,,,,,,,,,
21,6149,,,0.05475010350346565,,,,,,,,,,,,,,,
21,6159,,,0.05707170441746712,,,,,,,,,,,,,,,
21,6169,,,0.0582902692258358,,,,,,,,,,,,,,,
21,6179,,,0.05984269827604294,,,,,,,,,,,,,,,
21,6189,,,0.057098351418972015,,,,,,,,,,,,,,,
21,6199,,,0.05299907177686691,,,,,,,,,,,,,,,
21,6209,,,0.052462730556726456,,,,,,,,,,,,,,,
21,6219,,,0.05227401480078697,,,,,,,,,,,,,,,
21,6225,,,,0.05459548532962799,,,,,,,,,,,,,,
22,6229,,,0.05509692057967186,,,,,,,,,,,,,,,
22,6239,,,0.054958801716566086,,,,,,,,,,,,,,,
22,6249,,,0.054379869252443314,,,,,,,,,,,,,,,
22,6259,,,0.05441475659608841,,,,,,,,,,,,,,,
22,6269,,,0.053889963775873184,,,,,,,,,,,,,,,
22,6279,,,0.0498470775783062,,,,,,,,,,,,,,,
22,6289,,,0.048932138830423355,,,,,,,,,,,,,,,
22,6299,,,0.05272866040468216,,,,,,,,,,,,,,,
22,6309,,,0.051641061902046204,,,,,,,,,,,,,,,
22,6319,,,0.05621930584311485,,,,,,,,,,,,,,,
22,6329,,,0.05511119216680527,,,,,,,,,,,,,,,
22,6339,,,0.05442056804895401,,,,,,,,,,,,,,,
22,6349,,,0.05443507060408592,,,,,,,,,,,,,,,
22,6359,,,0.05780024453997612,,,,,,,,,,,,,,,
22,6369,,,0.054724693298339844,,,,,,,,,,,,,,,
22,6379,,,0.05564114823937416,,,,,,,,,,,,,,,
22,6389,,,0.05299936234951019,,,,,,,,,,,,,,,
22,6399,,,0.05429661273956299,,,,,,,,,,,,,,,
22,6409,,,0.0558781735599041,,,,,,,,,,,,,,,
22,6419,,,0.05834285914897919,,,,,,,,,,,,,,,
22,6429,,,0.059158921241760254,,,,,,,,,,,,,,,
22,6439,,,0.05943465605378151,,,,,,,,,,,,,,,
22,6449,,,0.05758066847920418,,,,,,,,,,,,,,,
22,6459,,,0.05136443302035332,,,,,,,,,,,,,,,
22,6469,,,0.05542859807610512,,,,,,,,,,,,,,,
22,6479,,,0.05704130604863167,,,,,,,,,,,,,,,
22,6489,,,0.05744239315390587,,,,,,,,,,,,,,,
22,6499,,,0.05430592969059944,,,,,,,,,,,,,,,
22,6508,,,,0.054991863667964935,,,,,,,,,,,,,,
23,6509,,,0.05239441245794296,,,,,,,,,,,,,,,
23,6519,,,0.05752221494913101,,,,,,,,,,,,,,,
23,6529,,,0.05411608889698982,,,,,,,,,,,,,,,
23,6539,,,0.055156052112579346,,,,,,,,,,,,,,,
23,6549,,,0.05248688906431198,,,,,,,,,,,,,,,
23,6559,,,0.0558326281607151,,,,,,,,,,,,,,,
23,6569,,,0.05725889652967453,,,,,,,,,,,,,,,
23,6579,,,0.05529646575450897,,,,,,,,,,,,,,,
23,6589,,,0.0533045195043087,,,,,,,,,,,,,,,
23,6599,,,0.05680765211582184,,,,,,,,,,,,,,,
23,6609,,,0.050421252846717834,,,,,,,,,,,,,,,
23,6619,,,0.05791734531521797,,,,,,,,,,,,,,,
23,6629,,,0.05394705757498741,,,,,,,,,,,,,,,
23,6639,,,0.0566583126783371,,,,,,,,,,,,,,,
23,6649,,,0.06263606995344162,,,,,,,,,,,,,,,
23,6659,,,0.05704012140631676,,,,,,,,,,,,,,,
23,6669,,,0.05396350100636482,,,,,,,,,,,,,,,
23,6679,,,0.0548846609890461,,,,,,,,,,,,,,,
23,6689,,,0.05138535052537918,,,,,,,,,,,,,,,
23,6699,,,0.053888559341430664,,,,,,,,,,,,,,,
23,6709,,,0.05407876893877983,,,,,,,,,,,,,,,
23,6719,,,0.05657040700316429,,,,,,,,,,,,,,,
23,6729,,,0.056870236992836,,,,,,,,,,,,,,,
23,6739,,,0.05102234333753586,,,,,,,,,,,,,,,
23,6749,,,0.055996764451265335,,,,,,,,,,,,,,,
23,6759,,,0.05464101582765579,,,,,,,,,,,,,,,
23,6769,,,0.056924913078546524,,,,,,,,,,,,,,,
23,6779,,,0.059149712324142456,,,,,,,,,,,,,,,
23,6789,,,0.05369770899415016,,,,,,,,,,,,,,,
23,6791,,,,0.05467413738369942,,,,,,,,,,,,,,
24,6799,,,0.05250176787376404,,,,,,,,,,,,,,,
24,6809,,,0.055662743747234344,,,,,,,,,,,,,,,
24,6819,,,0.0541793629527092,,,,,,,,,,,,,,,
24,6829,,,0.056224167346954346,,,,,,,,,,,,,,,
24,6839,,,0.05522312968969345,,,,,,,,,,,,,,,
24,6849,,,0.049657560884952545,,,,,,,,,,,,,,,
24,6859,,,0.05095946788787842,,,,,,,,,,,,,,,
24,6869,,,0.05329561606049538,,,,,,,,,,,,,,,
24,6879,,,0.05272731930017471,,,,,,,,,,,,,,,
24,6889,,,0.05300688371062279,,,,,,,,,,,,,,,
24,6899,,,0.05425997078418732,,,,,,,,,,,,,,,
24,6909,,,0.05752180516719818,,,,,,,,,,,,,,,
24,6919,,,0.05804693326354027,,,,,,,,,,,,,,,
24,6929,,,0.05135684832930565,,,,,,,,,,,,,,,
24,6939,,,0.05333692952990532,,,,,,,,,,,,,,,
24,6949,,,0.05056129768490791,,,,,,,,,,,,,,,
24,6959,,,0.054068103432655334,,,,,,,,,,,,,,,
24,6969,,,0.05309586226940155,,,,,,,,,,,,,,,
24,6979,,,0.052768003195524216,,,,,,,,,,,,,,,
24,6989,,,0.05679095908999443,,,,,,,,,,,,,,,
24,6999,,,0.052526965737342834,,,,,,,,,,,,,,,
24,7009,,,0.05177787318825722,,,,,,,,,,,,,,,
24,7019,,,0.057246264070272446,,,,,,,,,,,,,,,
24,7029,,,0.05405814200639725,,,,,,,,,,,,,,,
24,7039,,,0.0558379627764225,,,,,,,,,,,,,,,
24,7049,,,0.05583275482058525,,,,,,,,,,,,,,,
24,7059,,,0.05539799481630325,,,,,,,,,,,,,,,
24,7069,,,0.05366930365562439,,,,,,,,,,,,,,,
24,7074,,,,0.054852429777383804,,,,,,,,,,,,,,
25,7079,,,0.05724262073636055,,,,,,,,,,,,,,,
25,7089,,,0.05080695450305939,,,,,,,,,,,,,,,
25,7099,,,0.052424900233745575,,,,,,,,,,,,,,,
25,7109,,,0.05314839258790016,,,,,,,,,,,,,,,
25,7119,,,0.05240930616855621,,,,,,,,,,,,,,,
25,7129,,,0.04881833493709564,,,,,,,,,,,,,,,
25,7139,,,0.0565124973654747,,,,,,,,,,,,,,,
25,7149,,,0.05177212879061699,,,,,,,,,,,,,,,
25,7159,,,0.05409948155283928,,,,,,,,,,,,,,,
25,7169,,,0.0538594089448452,,,,,,,,,,,,,,,
25,7179,,,0.05649039149284363,,,,,,,,,,,,,,,
25,7189,,,0.05547472462058067,,,,,,,,,,,,,,,
25,7199,,,0.05726049095392227,,,,,,,,,,,,,,,
25,7209,,,0.04973917827010155,,,,,,,,,,,,,,,
25,7219,,,0.05570986121892929,,,,,,,,,,,,,,,
25,7229,,,0.05387810990214348,,,,,,,,,,,,,,,
25,7239,,,0.05238040164113045,,,,,,,,,,,,,,,
25,7249,,,0.05038625746965408,,,,,,,,,,,,,,,
25,7259,,,0.052184946835041046,,,,,,,,,,,,,,,
25,7269,,,0.056712836027145386,,,,,,,,,,,,,,,
25,7279,,,0.06051332876086235,,,,,,,,,,,,,,,
25,7289,,,0.05490909144282341,,,,,,,,,,,,,,,
25,7299,,,0.05481306463479996,,,,,,,,,,,,,,,
25,7309,,,0.06077807396650314,,,,,,,,,,,,,,,
25,7319,,,0.05857376381754875,,,,,,,,,,,,,,,
25,7329,,,0.053957223892211914,,,,,,,,,,,,,,,
25,7339,,,0.05975078046321869,,,,,,,,,,,,,,,
25,7349,,,0.05369449406862259,,,,,,,,,,,,,,,
25,7357,,,,0.05461064353585243,,,,,,,,,,,,,,
26,7359,,,0.054450999945402145,,,,,,,,,,,,,,,
26,7369,,,0.05281420052051544,,,,,,,,,,,,,,,
26,7379,,,0.056471746414899826,,,,,,,,,,,,,,,
26,7389,,,0.052188511937856674,,,,,,,,,,,,,,,
26,7399,,,0.05461149662733078,,,,,,,,,,,,,,,
26,7409,,,0.053403086960315704,,,,,,,,,,,,,,,
26,7419,,,0.05380955711007118,,,,,,,,,,,,,,,
26,7429,,,0.05520354583859444,,,,,,,,,,,,,,,
26,7439,,,0.055014628916978836,,,,,,,,,,,,,,,
26,7449,,,0.054754797369241714,,,,,,,,,,,,,,,
26,7459,,,0.05463807284832001,,,,,,,,,,,,,,,
26,7469,,,0.05197162181138992,,,,,,,,,,,,,,,
26,7479,,,0.05319157615303993,,,,,,,,,,,,,,,
26,7489,,,0.05497274175286293,,,,,,,,,,,,,,,
26,7499,,,0.05535350739955902,,,,,,,,,,,,,,,
26,7509,,,0.05741683021187782,,,,,,,,,,,,,,,
26,7519,,,0.05529022216796875,,,,,,,,,,,,,,,
26,7529,,,0.055128179490566254,,,,,,,,,,,,,,,
26,7539,,,0.05385006591677666,,,,,,,,,,,,,,,
26,7549,,,0.051085539162158966,,,,,,,,,,,,,,,
26,7559,,,0.05996638163924217,,,,,,,,,,,,,,,
26,7569,,,0.054062750190496445,,,,,,,,,,,,,,,
26,7579,,,0.05546712502837181,,,,,,,,,,,,,,,
26,7589,,,0.054461557418107986,,,,,,,,,,,,,,,
26,7599,,,0.05399666726589203,,,,,,,,,,,,,,,
26,7609,,,0.05250369757413864,,,,,,,,,,,,,,,
26,7619,,,0.05263938009738922,,,,,,,,,,,,,,,
26,7629,,,0.050015948712825775,,,,,,,,,,,,,,,
26,7639,,,0.0548701286315918,,,,,,,,,,,,,,,
26,7640,,,,0.05450526252388954,,,,,,,,,,,,,,
27,7649,,,0.05288897454738617,,,,,,,,,,,,,,,
27,7659,,,0.05475902557373047,,,,,,,,,,,,,,,
27,7669,,,0.05708692967891693,,,,,,,,,,,,,,,
27,7679,,,0.05449552461504936,,,,,,,,,,,,,,,
27,7689,,,0.05427006632089615,,,,,,,,,,,,,,,
27,7699,,,0.05657018721103668,,,,,,,,,,,,,,,
27,7709,,,0.05556496977806091,,,,,,,,,,,,,,,
27,7719,,,0.05498277023434639,,,,,,,,,,,,,,,
27,7729,,,0.052676182240247726,,,,,,,,,,,,,,,
27,7739,,,0.05392763391137123,,,,,,,,,,,,,,,
27,7749,,,0.05214790999889374,,,,,,,,,,,,,,,
27,7759,,,0.054733701050281525,,,,,,,,,,,,,,,
27,7769,,,0.05003276839852333,,,,,,,,,,,,,,,
27,7779,,,0.05610554665327072,,,,,,,,,,,,,,,
27,7789,,,0.055148422718048096,,,,,,,,,,,,,,,
27,7799,,,0.058404989540576935,,,,,,,,,,,,,,,
27,7809,,,0.05662843957543373,,,,,,,,,,,,,,,
27,7819,,,0.053914010524749756,,,,,,,,,,,,,,,
27,7829,,,0.05333640053868294,,,,,,,,,,,,,,,
27,7839,,,0.05503487586975098,,,,,,,,,,,,,,,
27,7849,,,0.05767685920000076,,,,,,,,,,,,,,,
27,7859,,,0.051779430359601974,,,,,,,,,,,,,,,
27,7869,,,0.05818328261375427,,,,,,,,,,,,,,,
27,7879,,,0.05869772657752037,,,,,,,,,,,,,,,
27,7889,,,0.056852299720048904,,,,,,,,,,,,,,,
27,7899,,,0.05596723407506943,,,,,,,,,,,,,,,
27,7909,,,0.056903332471847534,,,,,,,,,,,,,,,
27,7919,,,0.05523724853992462,,,,,,,,,,,,,,,
27,7923,,,,0.05480841174721718,,,,,,,,,,,,,,
28,7929,,,0.05752888694405556,,,,,,,,,,,,,,,
28,7939,,,0.05492934584617615,,,,,,,,,,,,,,,
28,7949,,,0.05520780012011528,,,,,,,,,,,,,,,
28,7959,,,0.05760651081800461,,,,,,,,,,,,,,,
28,7969,,,0.052765097469091415,,,,,,,,,,,,,,,
28,7979,,,0.05586634948849678,,,,,,,,,,,,,,,
28,7989,,,0.055920105427503586,,,,,,,,,,,,,,,
28,7999,,,0.06372357904911041,,,,,,,,,,,,,,,
28,8009,,,0.05007879063487053,,,,,,,,,,,,,,,
28,8019,,,0.05682596191763878,,,,,,,,,,,,,,,
28,8029,,,0.053116124123334885,,,,,,,,,,,,,,,
28,8039,,,0.054576773196458817,,,,,,,,,,,,,,,
28,8049,,,0.053782761096954346,,,,,,,,,,,,,,,
28,8059,,,0.04892033711075783,,,,,,,,,,,,,,,
28,8069,,,0.05092264339327812,,,,,,,,,,,,,,,
28,8079,,,0.053621988743543625,,,,,,,,,,,,,,,
28,8089,,,0.05478775501251221,,,,,,,,,,,,,,,
28,8099,,,0.050770703703165054,,,,,,,,,,,,,,,
28,8109,,,0.05217798799276352,,,,,,,,,,,,,,,
28,8119,,,0.05585949495434761,,,,,,,,,,,,,,,
28,8129,,,0.05575675517320633,,,,,,,,,,,,,,,
28,8139,,,0.060850951820611954,,,,,,,,,,,,,,,
28,8149,,,0.05185188353061676,,,,,,,,,,,,,,,
28,8159,,,0.05387900397181511,,,,,,,,,,,,,,,
28,8169,,,0.05449416860938072,,,,,,,,,,,,,,,
28,8179,,,0.05967511981725693,,,,,,,,,,,,,,,
28,8189,,,0.05565016344189644,,,,,,,,,,,,,,,
28,8199,,,0.055390097200870514,,,,,,,,,,,,,,,
28,8206,,,,0.05468698590993881,,,,,,,,,,,,,,
29,8209,,,0.05653809756040573,,,,,,,,,,,,,,,
29,8219,,,0.0527530275285244,,,,,,,,,,,,,,,
29,8229,,,0.05885365977883339,,,,,,,,,,,,,,,
29,8239,,,0.0547809861600399,,,,,,,,,,,,,,,
29,8249,,,0.05316270515322685,,,,,,,,,,,,,,,
29,8259,,,0.05469081923365593,,,,,,,,,,,,,,,
29,8269,,,0.05339770391583443,,,,,,,,,,,,,,,
29,8279,,,0.06015758961439133,,,,,,,,,,,,,,,
29,8289,,,0.05793814733624458,,,,,,,,,,,,,,,
29,8299,,,0.054585691541433334,,,,,,,,,,,,,,,
29,8309,,,0.057593218982219696,,,,,,,,,,,,,,,
29,8319,,,0.05282217264175415,,,,,,,,,,,,,,,
29,8329,,,0.05366944521665573,,,,,,,,,,,,,,,
29,8339,,,0.05418524518609047,,,,,,,,,,,,,,,
29,8349,,,0.05475589632987976,,,,,,,,,,,,,,,
29,8359,,,0.0505707673728466,,,,,,,,,,,,,,,
29,8369,,,0.05649666488170624,,,,,,,,,,,,,,,
29,8379,,,0.05582595244050026,,,,,,,,,,,,,,,
29,8389,,,0.055439189076423645,,,,,,,,,,,,,,,
29,8399,,,0.056145090609788895,,,,,,,,,,,,,,,
29,8409,,,0.0548798143863678,,,,,,,,,,,,,,,
29,8419,,,0.05468357354402542,,,,,,,,,,,,,,,
29,8429,,,0.05245288088917732,,,,,,,,,,,,,,,
29,8439,,,0.051777731627225876,,,,,,,,,,,,,,,
29,8449,,,0.05498315393924713,,,,,,,,,,,,,,,
29,8459,,,0.05797116458415985,,,,,,,,,,,,,,,
29,8469,,,0.05571578070521355,,,,,,,,,,,,,,,
29,8479,,,0.057518914341926575,,,,,,,,,,,,,,,
29,8489,,,0.055713534355163574,,,,,,,,,,,,,,,
29,29,0.6992306113243103,0.004589368589222431,,,0.054018429065325176,0.035350047051906586,,,,,,,,,,,,
29,29,,,,,,,,,,,0.3136478364467621,4.956770896911621,0.6299811005592346,6.838006019592285,0.30400747060775757,0.4546850025653839,3.3620693683624268,4.894761562347412
29,29,,,,,,,,,,,,,,,,,,
29,8489,,,,,,,0.3271297514438629,0.0019047618843615055,0.05646108463406563,0.07236015051603317,,,,,,,,
29,8489,,,,0.05476779863238335,,,,,,,,,,,,,,
30,8499,,,0.05434377118945122,,,,,,,,,,,,,,,
30,8509,,,0.05469329655170441,,,,,,,,,,,,,,,
30,8519,,,0.051095012575387955,,,,,,,,,,,,,,,
30,8529,,,0.05574885010719299,,,,,,,,,,,,,,,
30,8539,,,0.05535038933157921,,,,,,,,,,,,,,,
30,8549,,,0.0514482818543911,,,,,,,,,,,,,,,
30,8559,,,0.055672142654657364,,,,,,,,,,,,,,,
30,8569,,,0.055551983416080475,,,,,,,,,,,,,,,
30,8579,,,0.052798520773649216,,,,,,,,,,,,,,,
30,8589,,,0.05439930781722069,,,,,,,,,,,,,,,
30,8599,,,0.05707244575023651,,,,,,,,,,,,,,,
30,8609,,,0.05385787785053253,,,,,,,,,,,,,,,
30,8619,,,0.05323372781276703,,,,,,,,,,,,,,,
30,8629,,,0.053543850779533386,,,,,,,,,,,,,,,
30,8639,,,0.04871142655611038,,,,,,,,,,,,,,,
30,8649,,,0.058229587972164154,,,,,,,,,,,,,,,
30,8659,,,0.05197914317250252,,,,,,,,,,,,,,,
30,8669,,,0.05836612358689308,,,,,,,,,,,,,,,
30,8679,,,0.05350103601813316,,,,,,,,,,,,,,,
30,8689,,,0.05632106959819794,,,,,,,,,,,,,,,
30,8699,,,0.05303923040628433,,,,,,,,,,,,,,,
30,8709,,,0.06150105595588684,,,,,,,,,,,,,,,
30,8719,,,0.05834896117448807,,,,,,,,,,,,,,,
30,8729,,,0.054930273443460464,,,,,,,,,,,,,,,
30,8739,,,0.05862785503268242,,,,,,,,,,,,,,,
30,8749,,,0.060762058943510056,,,,,,,,,,,,,,,
30,8759,,,0.05833061411976814,,,,,,,,,,,,,,,
30,8769,,,0.052987389266490936,,,,,,,,,,,,,,,
30,8772,,,,0.05457014590501785,,,,,,,,,,,,,,
31,8779,,,0.05488425865769386,,,,,,,,,,,,,,,
31,8789,,,0.05541939660906792,,,,,,,,,,,,,,,
31,8799,,,0.053409676998853683,,,,,,,,,,,,,,,
31,8809,,,0.05303831025958061,,,,,,,,,,,,,,,
31,8819,,,0.0521731860935688,,,,,,,,,,,,,,,
31,8829,,,0.05408040061593056,,,,,,,,,,,,,,,
31,8839,,,0.053957901895046234,,,,,,,,,,,,,,,
31,8849,,,0.05956363305449486,,,,,,,,,,,,,,,
31,8859,,,0.05510435625910759,,,,,,,,,,,,,,,
31,8869,,,0.0508846715092659,,,,,,,,,,,,,,,
31,8879,,,0.05459816753864288,,,,,,,,,,,,,,,
31,8889,,,0.053826916962862015,,,,,,,,,,,,,,,
31,8899,,,0.053391821682453156,,,,,,,,,,,,,,,
31,8909,,,0.053688861429691315,,,,,,,,,,,,,,,
31,8919,,,0.05387622117996216,,,,,,,,,,,,,,,
31,8929,,,0.053670238703489304,,,,,,,,,,,,,,,
31,8939,,,0.054811425507068634,,,,,,,,,,,,,,,
31,8949,,,0.05359217897057533,,,,,,,,,,,,,,,
31,8959,,,0.05368160083889961,,,,,,,,,,,,,,,
31,8969,,,0.0522579587996006,,,,,,,,,,,,,,,
31,8979,,,0.049459878355264664,,,,,,,,,,,,,,,
31,8989,,,0.05137841776013374,,,,,,,,,,,,,,,
31,8999,,,0.053687095642089844,,,,,,,,,,,,,,,
31,9009,,,0.05862003564834595,,,,,,,,,,,,,,,
31,9019,,,0.058067888021469116,,,,,,,,,,,,,,,
31,9029,,,0.051351744681596756,,,,,,,,,,,,,,,
31,9039,,,0.05311547592282295,,,,,,,,,,,,,,,
31,9049,,,0.056106895208358765,,,,,,,,,,,,,,,
31,9055,,,,0.054983653128147125,,,,,,,,,,,,,,
32,9059,,,0.058871738612651825,,,,,,,,,,,,,,,
32,9069,,,0.05015102028846741,,,,,,,,,,,,,,,
32,9079,,,0.05346625670790672,,,,,,,,,,,,,,,
32,9089,,,0.05378897488117218,,,,,,,,,,,,,,,
32,9099,,,0.05507853254675865,,,,,,,,,,,,,,,
32,9109,,,0.05702086538076401,,,,,,,,,,,,,,,
32,9119,,,0.05339207127690315,,,,,,,,,,,,,,,
32,9129,,,0.05657758191227913,,,,,,,,,,,,,,,
32,9139,,,0.05769961327314377,,,,,,,,,,,,,,,
32,9149,,,0.05438840016722679,,,,,,,,,,,,,,,
32,9159,,,0.051288943737745285,,,,,,,,,,,,,,,
32,9169,,,0.05426844209432602,,,,,,,,,,,,,,,
32,9179,,,0.053522612899541855,,,,,,,,,,,,,,,
32,9189,,,0.05346495285630226,,,,,,,,,,,,,,,
32,9199,,,0.05598650872707367,,,,,,,,,,,,,,,
32,9209,,,0.049105528742074966,,,,,,,,,,,,,,,
32,9219,,,0.0533369816839695,,,,,,,,,,,,,,,
32,9229,,,0.049980729818344116,,,,,,,,,,,,,,,
32,9239,,,0.050397031009197235,,,,,,,,,,,,,,,
32,9249,,,0.05468990281224251,,,,,,,,,,,,,,,
32,9259,,,0.053331296890974045,,,,,,,,,,,,,,,
32,9269,,,0.05682862550020218,,,,,,,,,,,,,,,
32,9279,,,0.05939764156937599,,,,,,,,,,,,,,,
32,9289,,,0.05435727536678314,,,,,,,,,,,,,,,
32,9299,,,0.05489819869399071,,,,,,,,,,,,,,,
32,9309,,,0.0526382178068161,,,,,,,,,,,,,,,
32,9319,,,0.05254196748137474,,,,,,,,,,,,,,,
32,9329,,,0.054634805768728256,,,,,,,,,,,,,,,
32,9338,,,,0.054563190788030624,,,,,,,,,,,,,,
33,9339,,,0.05384808033704758,,,,,,,,,,,,,,,
33,9349,,,0.050352875143289566,,,,,,,,,,,,,,,
33,9359,,,0.052690356969833374,,,,,,,,,,,,,,,
33,9369,,,0.057145774364471436,,,,,,,,,,,,,,,
33,9379,,,0.058523569256067276,,,,,,,,,,,,,,,
33,9389,,,0.05239250510931015,,,,,,,,,,,,,,,
33,9399,,,0.051660504192113876,,,,,,,,,,,,,,,
33,9409,,,0.05279272422194481,,,,,,,,,,,,,,,
33,9419,,,0.05793794244527817,,,,,,,,,,,,,,,
33,9429,,,0.052758537232875824,,,,,,,,,,,,,,,
33,9439,,,0.06058409437537193,,,,,,,,,,,,,,,
33,9449,,,0.054838523268699646,,,,,,,,,,,,,,,
33,9459,,,0.051889896392822266,,,,,,,,,,,,,,,
33,9469,,,0.05314980447292328,,,,,,,,,,,,,,,
33,9479,,,0.054197344928979874,,,,,,,,,,,,,,,
33,9489,,,0.0581960566341877,,,,,,,,,,,,,,,
33,9499,,,0.05366075411438942,,,,,,,,,,,,,,,
33,9509,,,0.054254885762929916,,,,,,,,,,,,,,,
33,9519,,,0.05509703978896141,,,,,,,,,,,,,,,
33,9529,,,0.05745423585176468,,,,,,,,,,,,,,,
33,9539,,,0.053642526268959045,,,,,,,,,,,,,,,
33,9549,,,0.05515865236520767,,,,,,,,,,,,,,,
33,9559,,,0.0562640056014061,,,,,,,,,,,,,,,
33,9569,,,0.05940486863255501,,,,,,,,,,,,,,,
33,9579,,,0.055251359939575195,,,,,,,,,,,,,,,
33,9589,,,0.05713013932108879,,,,,,,,,,,,,,,
33,9599,,,0.05529133602976799,,,,,,,,,,,,,,,
33,9609,,,0.05092350393533707,,,,,,,,,,,,,,,
33,9619,,,0.05891857668757439,,,,,,,,,,,,,,,
33,9621,,,,0.05451483279466629,,,,,,,,,,,,,,
34,9629,,,0.05468475818634033,,,,,,,,,,,,,,,
34,9639,,,0.06150994822382927,,,,,,,,,,,,,,,
34,9649,,,0.05836186558008194,,,,,,,,,,,,,,,
34,9659,,,0.0568501316010952,,,,,,,,,,,,,,,
34,9669,,,0.0494132824242115,,,,,,,,,,,,,,,
34,9679,,,0.05484315752983093,,,,,,,,,,,,,,,
34,9689,,,0.05691242590546608,,,,,,,,,,,,,,,
34,9699,,,0.0552353635430336,,,,,,,,,,,,,,,
34,9709,,,0.05271660163998604,,,,,,,,,,,,,,,
34,9719,,,0.05748541280627251,,,,,,,,,,,,,,,
34,9729,,,0.05500482767820358,,,,,,,,,,,,,,,
34,9739,,,0.055297642946243286,,,,,,,,,,,,,,,
34,9749,,,0.052139148116111755,,,,,,,,,,,,,,,
34,9759,,,0.05241323262453079,,,,,,,,,,,,,,,
34,9769,,,0.059041086584329605,,,,,,,,,,,,,,,
34,9779,,,0.05629038065671921,,,,,,,,,,,,,,,
34,9789,,,0.05489339306950569,,,,,,,,,,,,,,,
34,9799,,,0.054994236677885056,,,,,,,,,,,,,,,
34,9809,,,0.052087925374507904,,,,,,,,,,,,,,,
34,9819,,,0.054605234414339066,,,,,,,,,,,,,,,
34,9829,,,0.05187473073601723,,,,,,,,,,,,,,,
34,9839,,,0.05437726899981499,,,,,,,,,,,,,,,
34,9849,,,0.05310764163732529,,,,,,,,,,,,,,,
34,9859,,,0.06004897132515907,,,,,,,,,,,,,,,
34,9869,,,0.0580277219414711,,,,,,,,,,,,,,,
34,9879,,,0.05344872921705246,,,,,,,,,,,,,,,
34,9889,,,0.055418651551008224,,,,,,,,,,,,,,,
34,9899,,,0.05267879366874695,,,,,,,,,,,,,,,
34,9904,,,,0.05467572808265686,,,,,,,,,,,,,,
35,9909,,,0.04873977601528168,,,,,,,,,,,,,,,
35,9919,,,0.052113231271505356,,,,,,,,,,,,,,,
35,9929,,,0.05143141373991966,,,,,,,,,,,,,,,
35,9939,,,0.05555255711078644,,,,,,,,,,,,,,,
35,9949,,,0.054249804466962814,,,,,,,,,,,,,,,
35,9959,,,0.05772945284843445,,,,,,,,,,,,,,,
35,9969,,,0.05584075301885605,,,,,,,,,,,,,,,
35,9979,,,0.051418859511613846,,,,,,,,,,,,,,,
35,9989,,,0.055058933794498444,,,,,,,,,,,,,,,
35,9999,,,0.052453722804784775,,,,,,,,,,,,,,,
35,10009,,,0.0555974580347538,,,,,,,,,,,,,,,
35,10019,,,0.05250389873981476,,,,,,,,,,,,,,,
35,10029,,,0.05414022505283356,,,,,,,,,,,,,,,
35,10039,,,0.057526715099811554,,,,,,,,,,,,,,,
35,10049,,,0.0546872541308403,,,,,,,,,,,,,,,
35,10059,,,0.05328940972685814,,,,,,,,,,,,,,,
35,10069,,,0.052254822105169296,,,,,,,,,,,,,,,
35,10079,,,0.05443821847438812,,,,,,,,,,,,,,,
35,10089,,,0.05235820263624191,,,,,,,,,,,,,,,
35,10099,,,0.05519673228263855,,,,,,,,,,,,,,,
35,10109,,,0.054660677909851074,,,,,,,,,,,,,,,
35,10119,,,0.053287338465452194,,,,,,,,,,,,,,,
35,10129,,,0.053701043128967285,,,,,,,,,,,,,,,
35,10139,,,0.054650768637657166,,,,,,,,,,,,,,,
35,10149,,,0.055113621056079865,,,,,,,,,,,,,,,
35,10159,,,0.05135170742869377,,,,,,,,,,,,,,,
35,10169,,,0.059979137033224106,,,,,,,,,,,,,,,
35,10179,,,0.054588671773672104,,,,,,,,,,,,,,,
35,10187,,,,0.054546911269426346,,,,,,,,,,,,,,
36,10189,,,0.05812430381774902,,,,,,,,,,,,,,,
36,10199,,,0.05352533608675003,,,,,,,,,,,,,,,
36,10209,,,0.05055537447333336,,,,,,,,,,,,,,,
36,10219,,,0.05530164763331413,,,,,,,,,,,,,,,
36,10229,,,0.05502357706427574,,,,,,,,,,,,,,,
36,10239,,,0.05610307306051254,,,,,,,,,,,,,,,
36,10249,,,0.053038597106933594,,,,,,,,,,,,,,,
36,10259,,,0.056981608271598816,,,,,,,,,,,,,,,
36,10269,,,0.05294761806726456,,,,,,,,,,,,,,,
36,10279,,,0.05267032980918884,,,,,,,,,,,,,,,
36,10289,,,0.05298932269215584,,,,,,,,,,,,,,,
36,10299,,,0.04984583705663681,,,,,,,,,,,,,,,
36,10309,,,0.05664015933871269,,,,,,,,,,,,,,,
36,10319,,,0.05203186348080635,,,,,,,,,,,,,,,
36,10329,,,0.05462629348039627,,,,,,,,,,,,,,,
36,10339,,,0.05310828611254692,,,,,,,,,,,,,,,
36,10349,,,0.05338376387953758,,,,,,,,,,,,,,,
36,10359,,,0.05281395837664604,,,,,,,,,,,,,,,
36,10369,,,0.0553472638130188,,,,,,,,,,,,,,,
36,10379,,,0.05331819877028465,,,,,,,,,,,,,,,
36,10389,,,0.0585891455411911,,,,,,,,,,,,,,,
36,10399,,,0.05687275156378746,,,,,,,,,,,,,,,
36,10409,,,0.05832767114043236,,,,,,,,,,,,,,,
36,10419,,,0.05595787242054939,,,,,,,,,,,,,,,
36,10429,,,0.05263625830411911,,,,,,,,,,,,,,,
36,10439,,,0.053355664014816284,,,,,,,,,,,,,,,
36,10449,,,0.054924607276916504,,,,,,,,,,,,,,,
36,10459,,,0.05959319323301315,,,,,,,,,,,,,,,
36,10469,,,0.05727294832468033,,,,,,,,,,,,,,,
36,10470,,,,0.05480639636516571,,,,,,,,,,,,,,
37,10479,,,0.05962616577744484,,,,,,,,,,,,,,,
37,10489,,,0.05810701847076416,,,,,,,,,,,,,,,
37,10499,,,0.05431733280420303,,,,,,,,,,,,,,,
37,10509,,,0.053203124552965164,,,,,,,,,,,,,,,
37,10519,,,0.05783529579639435,,,,,,,,,,,,,,,
37,10529,,,0.0609472393989563,,,,,,,,,,,,,,,
37,10539,,,0.051919762045145035,,,,,,,,,,,,,,,
37,10549,,,0.057528167963027954,,,,,,,,,,,,,,,
37,10559,,,0.05203467980027199,,,,,,,,,,,,,,,
37,10569,,,0.04928455501794815,,,,,,,,,,,,,,,
37,10579,,,0.05986703932285309,,,,,,,,,,,,,,,
37,10589,,,0.053782910108566284,,,,,,,,,,,,,,,
37,10599,,,0.05683406814932823,,,,,,,,,,,,,,,
37,10609,,,0.05713021755218506,,,,,,,,,,,,,,,
37,10619,,,0.05561281740665436,,,,,,,,,,,,,,,
37,10629,,,0.052673038095235825,,,,,,,,,,,,,,,
37,10639,,,0.05239669233560562,,,,,,,,,,,,,,,
37,10649,,,0.051380254328250885,,,,,,,,,,,,,,,
37,10659,,,0.05567599833011627,,,,,,,,,,,,,,,
37,10669,,,0.05298634618520737,,,,,,,,,,,,,,,
37,10679,,,0.056671202182769775,,,,,,,,,,,,,,,
37,10689,,,0.05573348328471184,,,,,,,,,,,,,,,
37,10699,,,0.05454571545124054,,,,,,,,,,,,,,,
37,10709,,,0.049138136208057404,,,,,,,,,,,,,,,
37,10719,,,0.05181564763188362,,,,,,,,,,,,,,,
37,10729,,,0.05704420059919357,,,,,,,,,,,,,,,
37,10739,,,0.05819263681769371,,,,,,,,,,,,,,,
37,10749,,,0.06113315746188164,,,,,,,,,,,,,,,
37,10753,,,,0.054726455360651016,,,,,,,,,,,,,,
38,10759,,,0.05654933303594589,,,,,,,,,,,,,,,
38,10769,,,0.0563514269888401,,,,,,,,,,,,,,,
38,10779,,,0.05412861704826355,,,,,,,,,,,,,,,
38,10789,,,0.052522849291563034,,,,,,,,,,,,,,,
38,10799,,,0.050062526017427444,,,,,,,,,,,,,,,
38,10809,,,0.05471477657556534,,,,,,,,,,,,,,,
38,10819,,,0.05190657079219818,,,,,,,,,,,,,,,
38,10829,,,0.05847083777189255,,,,,,,,,,,,,,,
38,10839,,,0.05132210999727249,,,,,,,,,,,,,,,
38,10849,,,0.0538107268512249,,,,,,,,,,,,,,,
38,10859,,,0.05714908242225647,,,,,,,,,,,,,,,
38,10869,,,0.053997140377759933,,,,,,,,,,,,,,,
38,10879,,,0.05709338188171387,,,,,,,,,,,,,,,
38,10889,,,0.052222445607185364,,,,,,,,,,,,,,,
38,10899,,,0.054911792278289795,,,,,,,,,,,,,,,
38,10909,,,0.0530380979180336,,,,,,,,,,,,,,,
38,10919,,,0.05730356276035309,,,,,,,,,,,,,,,
38,10929,,,0.05421898514032364,,,,,,,,,,,,,,,
38,10939,,,0.05854146555066109,,,,,,,,,,,,,,,
38,10949,,,0.05460590496659279,,,,,,,,,,,,,,,
38,10959,,,0.052705056965351105,,,,,,,,,,,,,,,
38,10969,,,0.054627932608127594,,,,,,,,,,,,,,,
38,10979,,,0.05165909230709076,,,,,,,,,,,,,,,
38,10989,,,0.05398598313331604,,,,,,,,,,,,,,,
38,10999,,,0.0532609187066555,,,,,,,,,,,,,,,
38,11009,,,0.055865537375211716,,,,,,,,,,,,,,,
38,11019,,,0.05491948127746582,,,,,,,,,,,,,,,
38,11029,,,0.05314960703253746,,,,,,,,,,,,,,,
38,11036,,,,0.05465918779373169,,,,,,,,,,,,,,
39,11039,,,0.05626629665493965,,,,,,,,,,,,,,,
39,11049,,,0.051475126296281815,,,,,,,,,,,,,,,
39,11059,,,0.05277913808822632,,,,,,,,,,,,,,,
39,11069,,,0.05675622448325157,,,,,,,,,,,,,,,
39,11079,,,0.051993176341056824,,,,,,,,,,,,,,,
39,11089,,,0.056277744472026825,,,,,,,,,,,,,,,
39,11099,,,0.055510446429252625,,,,,,,,,,,,,,,
39,11109,,,0.057659752666950226,,,,,,,,,,,,,,,
39,11119,,,0.05599161982536316,,,,,,,,,,,,,,,
39,11129,,,0.0540572851896286,,,,,,,,,,,,,,,
39,11139,,,0.05526841804385185,,,,,,,,,,,,,,,
39,11149,,,0.05478779599070549,,,,,,,,,,,,,,,
39,11159,,,0.052337486296892166,,,,,,,,,,,,,,,
39,11169,,,0.05619907006621361,,,,,,,,,,,,,,,
39,11179,,,0.054096683859825134,,,,,,,,,,,,,,,
39,11189,,,0.05673455819487572,,,,,,,,,,,,,,,
39,11199,,,0.05691419541835785,,,,,,,,,,,,,,,
39,11209,,,0.05093197152018547,,,,,,,,,,,,,,,
39,11219,,,0.055544164031744,,,,,,,,,,,,,,,
39,11229,,,0.05313004180788994,,,,,,,,,,,,,,,
39,11239,,,0.05854901671409607,,,,,,,,,,,,,,,
39,11249,,,0.053468845784664154,,,,,,,,,,,,,,,
39,11259,,,0.05100696161389351,,,,,,,,,,,,,,,
39,11269,,,0.05485953763127327,,,,,,,,,,,,,,,
39,11279,,,0.05111892893910408,,,,,,,,,,,,,,,
39,11289,,,0.054612088948488235,,,,,,,,,,,,,,,
39,11299,,,0.05552941933274269,,,,,,,,,,,,,,,
39,11309,,,0.051226913928985596,,,,,,,,,,,,,,,
39,11319,,,0.055192410945892334,,,,,,,,,,,,,,,
39,39,0.715953528881073,0.0047808424569666386,,,0.055060883980009426,0.03618635982275009,,,,,,,,,,,,
39,39,,,,,,,,,,,0.3063928484916687,4.646531581878662,0.6258499622344971,6.459864139556885,0.36151358485221863,0.4874187409877777,3.491215944290161,5.011763095855713
39,39,,,,,,,,,,,,,,,,,,
39,11319,,,,,,,0.3357775807380676,0.003583333222195506,0.05691175162792206,0.07244373857975006,,,,,,,,
39,11319,,,,0.05470191687345505,,,,,,,,,,,,,,
40,11329,,,0.05718780308961868,,,,,,,,,,,,,,,
40,11339,,,0.055822715163230896,,,,,,,,,,,,,,,
40,11349,,,0.05300336331129074,,,,,,,,,,,,,,,
40,11359,,,0.05282628536224365,,,,,,,,,,,,,,,
40,11369,,,0.05429792404174805,,,,,,,,,,,,,,,
40,11379,,,0.058197107166051865,,,,,,,,,,,,,,,
40,11389,,,0.05481301248073578,,,,,,,,,,,,,,,
40,11399,,,0.04942670837044716,,,,,,,,,,,,,,,
40,11409,,,0.050160132348537445,,,,,,,,,,,,,,,
40,11419,,,0.05564768612384796,,,,,,,,,,,,,,,
40,11429,,,0.05125565826892853,,,,,,,,,,,,,,,
40,11439,,,0.05201587453484535,,,,,,,,,,,,,,,
40,11449,,,0.04999646544456482,,,,,,,,,,,,,,,
40,11459,,,0.05607842281460762,,,,,,,,,,,,,,,
40,11469,,,0.05972255766391754,,,,,,,,,,,,,,,
40,11479,,,0.05371573939919472,,,,,,,,,,,,,,,
40,11489,,,0.0540204755961895,,,,,,,,,,,,,,,
40,11499,,,0.05452531576156616,,,,,,,,,,,,,,,
40,11509,,,0.055500950664281845,,,,,,,,,,,,,,,
40,11519,,,0.04950523376464844,,,,,,,,,,,,,,,
40,11529,,,0.05508897081017494,,,,,,,,,,,,,,,
40,11539,,,0.048174161463975906,,,,,,,,,,,,,,,
40,11549,,,0.05734487250447273,,,,,,,,,,,,,,,
40,11559,,,0.05199944227933884,,,,,,,,,,,,,,,
40,11569,,,0.05025498569011688,,,,,,,,,,,,,,,
40,11579,,,0.04879835620522499,,,,,,,,,,,,,,,
40,11589,,,0.05374608188867569,,,,,,,,,,,,,,,
40,11599,,,0.05389649420976639,,,,,,,,,,,,,,,
40,11602,,,,0.05463234335184097,,,,,,,,,,,,,,
41,11609,,,0.0475807711482048,,,,,,,,,,,,,,,
41,11619,,,0.05499481037259102,,,,,,,,,,,,,,,
41,11629,,,0.055450692772865295,,,,,,,,,,,,,,,
41,11639,,,0.05233769863843918,,,,,,,,,,,,,,,
41,11649,,,0.055531688034534454,,,,,,,,,,,,,,,
41,11659,,,0.05972602963447571,,,,,,,,,,,,,,,
41,11669,,,0.05619223415851593,,,,,,,,,,,,,,,
41,11679,,,0.0517154298722744,,,,,,,,,,,,,,,
41,11689,,,0.054741270840168,,,,,,,,,,,,,,,
41,11699,,,0.051301684230566025,,,,,,,,,,,,,,,
41,11709,,,0.05093494430184364,,,,,,,,,,,,,,,
41,11719,,,0.054356399923563004,,,,,,,,,,,,,,,
41,11729,,,0.05233660712838173,,,,,,,,,,,,,,,
41,11739,,,0.058418259024620056,,,,,,,,,,,,,,,
41,11749,,,0.0601232536137104,,,,,,,,,,,,,,,
41,11759,,,0.05211952328681946,,,,,,,,,,,,,,,
41,11769,,,0.056890085339546204,,,,,,,,,,,,,,,
41,11779,,,0.054689329117536545,,,,,,,,,,,,,,,
41,11789,,,0.05395466089248657,,,,,,,,,,,,,,,
41,11799,,,0.05414185672998428,,,,,,,,,,,,,,,
41,11809,,,0.05617113038897514,,,,,,,,,,,,,,,
41,11819,,,0.05291171744465828,,,,,,,,,,,,,,,
41,11829,,,0.0559798926115036,,,,,,,,,,,,,,,
41,11839,,,0.0527840182185173,,,,,,,,,,,,,,,
41,11849,,,0.054697081446647644,,,,,,,,,,,,,,,
41,11859,,,0.06005965545773506,,,,,,,,,,,,,,,
41,11869,,,0.055856164544820786,,,,,,,,,,,,,,,
41,11879,,,0.06391366571187973,,,,,,,,,,,,,,,
41,11885,,,,0.05494984611868858,,,,,,,,,,,,,,
42,11889,,,0.05726301297545433,,,,,,,,,,,,,,,
42,11899,,,0.05860600620508194,,,,,,,,,,,,,,,
42,11909,,,0.05623370781540871,,,,,,,,,,,,,,,
42,11919,,,0.05520106852054596,,,,,,,,,,,,,,,
42,11929,,,0.051771603524684906,,,,,,,,,,,,,,,
42,11939,,,0.05586450174450874,,,,,,,,,,,,,,,
42,11949,,,0.06063787639141083,,,,,,,,,,,,,,,
42,11959,,,0.05277765914797783,,,,,,,,,,,,,,,
42,11969,,,0.05390091985464096,,,,,,,,,,,,,,,
42,11979,,,0.05322786793112755,,,,,,,,,,,,,,,
42,11989,,,0.05287764593958855,,,,,,,,,,,,,,,
42,11999,,,0.05256374552845955,,,,,,,,,,,,,,,
42,12009,,,0.052289318293333054,,,,,,,,,,,,,,,
42,12019,,,0.05508054047822952,,,,,,,,,,,,,,,
42,12029,,,0.05319572612643242,,,,,,,,,,,,,,,
42,12039,,,0.05437256768345833,,,,,,,,,,,,,,,
42,12049,,,0.056631240993738174,,,,,,,,,,,,,,,
42,12059,,,0.05671927332878113,,,,,,,,,,,,,,,
42,12069,,,0.05124734342098236,,,,,,,,,,,,,,,
42,12079,,,0.050717856734991074,,,,,,,,,,,,,,,
42,12089,,,0.05342501029372215,,,,,,,,,,,,,,,
42,12099,,,0.05129127576947212,,,,,,,,,,,,,,,
42,12109,,,0.05164568871259689,,,,,,,,,,,,,,,
42,12119,,,0.058395031839609146,,,,,,,,,,,,,,,
42,12129,,,0.05609266832470894,,,,,,,,,,,,,,,
42,12139,,,0.05478477478027344,,,,,,,,,,,,,,,
42,12149,,,0.05563804879784584,,,,,,,,,,,,,,,
42,12159,,,0.04953758046030998,,,,,,,,,,,,,,,
42,12168,,,,0.05474305897951126,,,,,,,,,,,,,,
43,12169,,,0.05360148847103119,,,,,,,,,,,,,,,
43,12179,,,0.05558221414685249,,,,,,,,,,,,,,,
43,12189,,,0.05368399620056152,,,,,,,,,,,,,,,
43,12199,,,0.05352451652288437,,,,,,,,,,,,,,,
43,12209,,,0.059457603842020035,,,,,,,,,,,,,,,
43,12219,,,0.05417587608098984,,,,,,,,,,,,,,,
43,12229,,,0.05088495835661888,,,,,,,,,,,,,,,
43,12239,,,0.05750434473156929,,,,,,,,,,,,,,,
43,12249,,,0.05074064061045647,,,,,,,,,,,,,,,
43,12259,,,0.053365979343652725,,,,,,,,,,,,,,,
43,12269,,,0.05446118116378784,,,,,,,,,,,,,,,
43,12279,,,0.055988769978284836,,,,,,,,,,,,,,,
43,12289,,,0.05819987505674362,,,,,,,,,,,,,,,
43,12299,,,0.05385259911417961,,,,,,,,,,,,,,,
43,12309,,,0.053566012531518936,,,,,,,,,,,,,,,
43,12319,,,0.05359097942709923,,,,,,,,,,,,,,,
43,12329,,,0.05441960319876671,,,,,,,,,,,,,,,
43,12339,,,0.057754989713430405,,,,,,,,,,,,,,,
43,12349,,,0.054198008030653,,,,,,,,,,,,,,,
43,12359,,,0.053208768367767334,,,,,,,,,,,,,,,
43,12369,,,0.05420662835240364,,,,,,,,,,,,,,,
43,12379,,,0.05698975548148155,,,,,,,,,,,,,,,
43,12389,,,0.05447479709982872,,,,,,,,,,,,,,,
43,12399,,,0.054748766124248505,,,,,,,,,,,,,,,
43,12409,,,0.054118528962135315,,,,,,,,,,,,,,,
43,12419,,,0.05318211391568184,,,,,,,,,,,,,,,
43,12429,,,0.054044634103775024,,,,,,,,,,,,,,,
43,12439,,,0.052801646292209625,,,,,,,,,,,,,,,
43,12449,,,0.053043920546770096,,,,,,,,,,,,,,,
43,12451,,,,0.054622866213321686,,,,,,,,,,,,,,
44,12459,,,0.05058375746011734,,,,,,,,,,,,,,,
44,12469,,,0.053637683391571045,,,,,,,,,,,,,,,
44,12479,,,0.05243203043937683,,,,,,,,,,,,,,,
44,12489,,,0.05704457685351372,,,,,,,,,,,,,,,
44,12499,,,0.05589094012975693,,,,,,,,,,,,,,,
44,12509,,,0.05581621080636978,,,,,,,,,,,,,,,
44,12519,,,0.05690702423453331,,,,,,,,,,,,,,,
44,12529,,,0.05733403190970421,,,,,,,,,,,,,,,
44,12539,,,0.05575917288661003,,,,,,,,,,,,,,,
44,12549,,,0.05165815353393555,,,,,,,,,,,,,,,
44,12559,,,0.05462653562426567,,,,,,,,,,,,,,,
44,12569,,,0.056975096464157104,,,,,,,,,,,,,,,
44,12579,,,0.056411679834127426,,,,,,,,,,,,,,,
44,12589,,,0.053067564964294434,,,,,,,,,,,,,,,
44,12599,,,0.05053948983550072,,,,,,,,,,,,,,,
44,12609,,,0.057152122259140015,,,,,,,,,,,,,,,
44,12619,,,0.05768713355064392,,,,,,,,,,,,,,,
44,12629,,,0.05639742314815521,,,,,,,,,,,,,,,
44,12639,,,0.06274546682834625,,,,,,,,,,,,,,,
44,12649,,,0.057155437767505646,,,,,,,,,,,,,,,
44,12659,,,0.053947195410728455,,,,,,,,,,,,,,,
44,12669,,,0.055708471685647964,,,,,,,,,,,,,,,
44,12679,,,0.05203108862042427,,,,,,,,,,,,,,,
44,12689,,,0.05584927275776863,,,,,,,,,,,,,,,
44,12699,,,0.05141311511397362,,,,,,,,,,,,,,,
44,12709,,,0.05209558457136154,,,,,,,,,,,,,,,
44,12719,,,0.052611082792282104,,,,,,,,,,,,,,,
44,12729,,,0.055219635367393494,,,,,,,,,,,,,,,
44,12734,,,,0.05459759011864662,,,,,,,,,,,,,,
45,12739,,,0.05615609139204025,,,,,,,,,,,,,,,
45,12749,,,0.05883191525936127,,,,,,,,,,,,,,,
45,12759,,,0.056494418531656265,,,,,,,,,,,,,,,
45,12769,,,0.05167439952492714,,,,,,,,,,,,,,,
45,12779,,,0.05134722590446472,,,,,,,,,,,,,,,
45,12789,,,0.05749034136533737,,,,,,,,,,,,,,,
45,12799,,,0.053531497716903687,,,,,,,,,,,,,,,
45,12809,,,0.056024547666311264,,,,,,,,,,,,,,,
45,12819,,,0.057258542627096176,,,,,,,,,,,,,,,
45,12829,,,0.04891086369752884,,,,,,,,,,,,,,,
45,12839,,,0.05636870115995407,,,,,,,,,,,,,,,
45,12849,,,0.05157559737563133,,,,,,,,,,,,,,,
45,12859,,,0.05534909665584564,,,,,,,,,,,,,,,
45,12869,,,0.05289089307188988,,,,,,,,,,,,,,,
45,12879,,,0.05552065372467041,,,,,,,,,,,,,,,
45,12889,,,0.05383307859301567,,,,,,,,,,,,,,,
45,12899,,,0.05554215982556343,,,,,,,,,,,,,,,
45,12909,,,0.05389651283621788,,,,,,,,,,,,,,,
45,12919,,,0.056420810520648956,,,,,,,,,,,,,,,
45,12929,,,0.05515623092651367,,,,,,,,,,,,,,,
45,12939,,,0.05295679345726967,,,,,,,,,,,,,,,
45,12949,,,0.054478611797094345,,,,,,,,,,,,,,,
45,12959,,,0.05197693407535553,,,,,,,,,,,,,,,
45,12969,,,0.0577910952270031,,,,,,,,,,,,,,,
45,12979,,,0.054773397743701935,,,,,,,,,,,,,,,
45,12989,,,0.05747490003705025,,,,,,,,,,,,,,,
45,12999,,,0.0523955300450325,,,,,,,,,,,,,,,
45,13009,,,0.0572471059858799,,,,,,,,,,,,,,,
45,13017,,,,0.054590266197919846,,,,,,,,,,,,,,
46,13019,,,0.05364453047513962,,,,,,,,,,,,,,,
46,13029,,,0.05366527661681175,,,,,,,,,,,,,,,
46,13039,,,0.05551670864224434,,,,,,,,,,,,,,,
46,13049,,,0.054482169449329376,,,,,,,,,,,,,,,
46,13059,,,0.0512327142059803,,,,,,,,,,,,,,,
46,13069,,,0.05120394751429558,,,,,,,,,,,,,,,
46,13079,,,0.05742506682872772,,,,,,,,,,,,,,,
46,13089,,,0.05608411878347397,,,,,,,,,,,,,,,
46,13099,,,0.05809445679187775,,,,,,,,,,,,,,,
46,13109,,,0.0468856543302536,,,,,,,,,,,,,,,
46,13119,,,0.0549391470849514,,,,,,,,,,,,,,,
46,13129,,,0.05594956502318382,,,,,,,,,,,,,,,
46,13139,,,0.05551354959607124,,,,,,,,,,,,,,,
46,13149,,,0.053297482430934906,,,,,,,,,,,,,,,
46,13159,,,0.05320396646857262,,,,,,,,,,,,,,,
46,13169,,,0.057275570929050446,,,,,,,,,,,,,,,
46,13179,,,0.05320778489112854,,,,,,,,,,,,,,,
46,13189,,,0.05696031451225281,,,,,,,,,,,,,,,
46,13199,,,0.0539693720638752,,,,,,,,,,,,,,,
46,13209,,,0.056559208780527115,,,,,,,,,,,,,,,
46,13219,,,0.05567111074924469,,,,,,,,,,,,,,,
46,13229,,,0.056254465132951736,,,,,,,,,,,,,,,
46,13239,,,0.050805721431970596,,,,,,,,,,,,,,,
46,13249,,,0.05061333626508713,,,,,,,,,,,,,,,
46,13259,,,0.05922070890665054,,,,,,,,,,,,,,,
46,13269,,,0.05375467240810394,,,,,,,,,,,,,,,
46,13279,,,0.05264398083090782,,,,,,,,,,,,,,,
46,13289,,,0.057486820966005325,,,,,,,,,,,,,,,
46,13299,,,0.060491014271974564,,,,,,,,,,,,,,,
46,13300,,,,0.055012013763189316,,,,,,,,,,,,,,
47,13309,,,0.055055491626262665,,,,,,,,,,,,,,,
47,13319,,,0.054361626505851746,,,,,,,,,,,,,,,
47,13329,,,0.04823331907391548,,,,,,,,,,,,,,,
47,13339,,,0.05735177919268608,,,,,,,,,,,,,,,
47,13349,,,0.05747558921575546,,,,,,,,,,,,,,,
47,13359,,,0.05642487481236458,,,,,,,,,,,,,,,
47,13369,,,0.054835960268974304,,,,,,,,,,,,,,,
47,13379,,,0.056138940155506134,,,,,,,,,,,,,,,
47,13389,,,0.05650382116436958,,,,,,,,,,,,,,,
47,13399,,,0.05825433135032654,,,,,,,,,,,,,,,
47,13409,,,0.05270387604832649,,,,,,,,,,,,,,,
47,13419,,,0.05394987016916275,,,,,,,,,,,,,,,
47,13429,,,0.05505554750561714,,,,,,,,,,,,,,,
47,13439,,,0.061820171773433685,,,,,,,,,,,,,,,
47,13449,,,0.05217009782791138,,,,,,,,,,,,,,,
47,13459,,,0.054802317172288895,,,,,,,,,,,,,,,
47,13469,,,0.05310619994997978,,,,,,,,,,,,,,,
47,13479,,,0.05826513096690178,,,,,,,,,,,,,,,
47,13489,,,0.06157461926341057,,,,,,,,,,,,,,,
47,13499,,,0.05575983598828316,,,,,,,,,,,,,,,
47,13509,,,0.05556102097034454,,,,,,,,,,,,,,,
47,13519,,,0.05666808411478996,,,,,,,,,,,,,,,
47,13529,,,0.05237828940153122,,,,,,,,,,,,,,,
47,13539,,,0.05080024152994156,,,,,,,,,,,,,,,
47,13549,,,0.054188501089811325,,,,,,,,,,,,,,,
47,13559,,,0.05743308737874031,,,,,,,,,,,,,,,
47,13569,,,0.05862850695848465,,,,,,,,,,,,,,,
47,13579,,,0.055368822067976,,,,,,,,,,,,,,,
47,13583,,,,0.05485285818576813,,,,,,,,,,,,,,
48,13589,,,0.0554097518324852,,,,,,,,,,,,,,,
48,13599,,,0.04979659616947174,,,,,,,,,,,,,,,
48,13609,,,0.052171800285577774,,,,,,,,,,,,,,,
48,13619,,,0.049748651683330536,,,,,,,,,,,,,,,
48,13629,,,0.05571642890572548,,,,,,,,,,,,,,,
48,13639,,,0.04995376616716385,,,,,,,,,,,,,,,
48,13649,,,0.055579785257577896,,,,,,,,,,,,,,,
48,13659,,,0.05378364026546478,,,,,,,,,,,,,,,
48,13669,,,0.053289975970983505,,,,,,,,,,,,,,,
48,13679,,,0.05592905730009079,,,,,,,,,,,,,,,
48,13689,,,0.05583741143345833,,,,,,,,,,,,,,,
48,13699,,,0.05365993082523346,,,,,,,,,,,,,,,
48,13709,,,0.05486544594168663,,,,,,,,,,,,,,,
48,13719,,,0.052379362285137177,,,,,,,,,,,,,,,
48,13729,,,0.05454067140817642,,,,,,,,,,,,,,,
48,13739,,,0.054470520466566086,,,,,,,,,,,,,,,
48,13749,,,0.05133891478180885,,,,,,,,,,,,,,,
48,13759,,,0.05458051711320877,,,,,,,,,,,,,,,
48,13769,,,0.059377964586019516,,,,,,,,,,,,,,,
48,13779,,,0.0587390661239624,,,,,,,,,,,,,,,
48,13789,,,0.053329795598983765,,,,,,,,,,,,,,,
48,13799,,,0.054285045713186264,,,,,,,,,,,,,,,
48,13809,,,0.05607657507061958,,,,,,,,,,,,,,,
48,13819,,,0.056214891374111176,,,,,,,,,,,,,,,
48,13829,,,0.04905836656689644,,,,,,,,,,,,,,,
48,13839,,,0.055562060326337814,,,,,,,,,,,,,,,
48,13849,,,0.05531587824225426,,,,,,,,,,,,,,,
48,13859,,,0.05620197579264641,,,,,,,,,,,,,,,
48,13866,,,,0.05476267263293266,,,,,,,,,,,,,,
49,13869,,,0.05788000300526619,,,,,,,,,,,,,,,
49,13879,,,0.054579466581344604,,,,,,,,,,,,,,,
49,13889,,,0.055829405784606934,,,,,,,,,,,,,,,
49,13899,,,0.055812377482652664,,,,,,,,,,,,,,,
49,13909,,,0.05376722291111946,,,,,,,,,,,,,,,
49,13919,,,0.05732937902212143,,,,,,,,,,,,,,,
49,13929,,,0.054787375032901764,,,,,,,,,,,,,,,
49,13939,,,0.057542551308870316,,,,,,,,,,,,,,,
49,13949,,,0.05807890370488167,,,,,,,,,,,,,,,
49,13959,,,0.05370359867811203,,,,,,,,,,,,,,,
49,13969,,,0.059254929423332214,,,,,,,,,,,,,,,
49,13979,,,0.05663472041487694,,,,,,,,,,,,,,,
49,13989,,,0.061397287994623184,,,,,,,,,,,,,,,
49,13999,,,0.05200731009244919,,,,,,,,,,,,,,,
49,14009,,,0.055608365684747696,,,,,,,,,,,,,,,
49,14019,,,0.05486270785331726,,,,,,,,,,,,,,,
49,14029,,,0.05198204889893532,,,,,,,,,,,,,,,
49,14039,,,0.050215959548950195,,,,,,,,,,,,,,,
49,14049,,,0.057056307792663574,,,,,,,,,,,,,,,
49,14059,,,0.05722185596823692,,,,,,,,,,,,,,,
49,14069,,,0.05290845036506653,,,,,,,,,,,,,,,
49,14079,,,0.05469450727105141,,,,,,,,,,,,,,,
49,14089,,,0.05654967948794365,,,,,,,,,,,,,,,
49,14099,,,0.053886692970991135,,,,,,,,,,,,,,,
49,14109,,,0.056289587169885635,,,,,,,,,,,,,,,
49,14119,,,0.055801745504140854,,,,,,,,,,,,,,,
49,14129,,,0.057671770453453064,,,,,,,,,,,,,,,
49,14139,,,0.058078307658433914,,,,,,,,,,,,,,,
49,14149,,,0.05774800106883049,,,,,,,,,,,,,,,
49,49,0.7217414975166321,0.00648396136239171,,,0.05338860028057044,0.03678271546959877,,,,,,,,,,,,
49,49,,,,,,,,,,,0.3369186818599701,4.83295202255249,0.5948667526245117,6.378486633300781,0.29658493399620056,0.41503748297691345,3.0359644889831543,4.740973472595215
49,49,,,,,,,,,,,,,,,,,,
49,14149,,,,,,,0.3239714503288269,0.004444444552063942,0.05572929233312607,0.07162170857191086,,,,,,,,
49,14149,,,,0.05482329800724983,,,,,,,,,,,,,,
50,14159,,,0.05521535500884056,,,,,,,,,,,,,,,
50,14169,,,0.05310637131333351,,,,,,,,,,,,,,,
50,14179,,,0.05380797013640404,,,,,,,,,,,,,,,
50,14189,,,0.057976461946964264,,,,,,,,,,,,,,,
50,14199,,,0.04907557740807533,,,,,,,,,,,,,,,
50,14209,,,0.05580607056617737,,,,,,,,,,,,,,,
50,14219,,,0.05764007568359375,,,,,,,,,,,,,,,
50,14229,,,0.057569146156311035,,,,,,,,,,,,,,,
50,14239,,,0.05241738259792328,,,,,,,,,,,,,,,
50,14249,,,0.055465709418058395,,,,,,,,,,,,,,,
50,14259,,,0.055116478353738785,,,,,,,,,,,,,,,
50,14269,,,0.05186304822564125,,,,,,,,,,,,,,,
50,14279,,,0.05149971321225166,,,,,,,,,,,,,,,
50,14289,,,0.056265514343976974,,,,,,,,,,,,,,,
50,14299,,,0.05485522374510765,,,,,,,,,,,,,,,
50,14309,,,0.05213409289717674,,,,,,,,,,,,,,,
50,14319,,,0.05296507477760315,,,,,,,,,,,,,,,
50,14329,,,0.055229831486940384,,,,,,,,,,,,,,,
50,14339,,,0.051710739731788635,,,,,,,,,,,,,,,
50,14349,,,0.053599052131175995,,,,,,,,,,,,,,,
50,14359,,,0.05150269716978073,,,,,,,,,,,,,,,
50,14369,,,0.055370114743709564,,,,,,,,,,,,,,,
50,14379,,,0.05159682407975197,,,,,,,,,,,,,,,
50,14389,,,0.05550455302000046,,,,,,,,,,,,,,,
50,14399,,,0.052302826195955276,,,,,,,,,,,,,,,
50,14409,,,0.05304188281297684,,,,,,,,,,,,,,,
50,14419,,,0.05582050606608391,,,,,,,,,,,,,,,
50,14429,,,0.056878648698329926,,,,,,,,,,,,,,,
50,14432,,,,0.05457691475749016,,,,,,,,,,,,,,
51,14439,,,0.05938953533768654,,,,,,,,,,,,,,,
51,14449,,,0.05511515960097313,,,,,,,,,,,,,,,
51,14459,,,0.05305774509906769,,,,,,,,,,,,,,,
51,14469,,,0.05573692545294762,,,,,,,,,,,,,,,
51,14479,,,0.05904581770300865,,,,,,,,,,,,,,,
51,14489,,,0.05674014613032341,,,,,,,,,,,,,,,
51,14499,,,0.05650278180837631,,,,,,,,,,,,,,,
51,14509,,,0.05505945160984993,,,,,,,,,,,,,,,
51,14519,,,0.0509260855615139,,,,,,,,,,,,,,,
51,14529,,,0.052295465022325516,,,,,,,,,,,,,,,
51,14539,,,0.05533400923013687,,,,,,,,,,,,,,,
51,14549,,,0.0554831363260746,,,,,,,,,,,,,,,
51,14559,,,0.05670220032334328,,,,,,,,,,,,,,,
51,14569,,,0.05541369318962097,,,,,,,,,,,,,,,
51,14579,,,0.05973764508962631,,,,,,,,,,,,,,,
51,14589,,,0.054607633501291275,,,,,,,,,,,,,,,
51,14599,,,0.055708225816488266,,,,,,,,,,,,,,,
51,14609,,,0.05428079515695572,,,,,,,,,,,,,,,
51,14619,,,0.05420048162341118,,,,,,,,,,,,,,,
51,14629,,,0.04954718053340912,,,,,,,,,,,,,,,
51,14639,,,0.055596932768821716,,,,,,,,,,,,,,,
51,14649,,,0.055374786257743835,,,,,,,,,,,,,,,
51,14659,,,0.05600104108452797,,,,,,,,,,,,,,,
51,14669,,,0.05147246643900871,,,,,,,,,,,,,,,
51,14679,,,0.05076173320412636,,,,,,,,,,,,,,,
51,14689,,,0.05406796559691429,,,,,,,,,,,,,,,
51,14699,,,0.055047668516635895,,,,,,,,,,,,,,,
51,14709,,,0.05406160652637482,,,,,,,,,,,,,,,
51,14715,,,,0.05487159639596939,,,,,,,,,,,,,,
52,14719,,,0.05831563100218773,,,,,,,,,,,,,,,
52,14729,,,0.06105731800198555,,,,,,,,,,,,,,,
52,14739,,,0.05193919688463211,,,,,,,,,,,,,,,
52,14749,,,0.05170588195323944,,,,,,,,,,,,,,,
52,14759,,,0.051782459020614624,,,,,,,,,,,,,,,
52,14769,,,0.05243776738643646,,,,,,,,,,,,,,,
52,14779,,,0.05376562848687172,,,,,,,,,,,,,,,
52,14789,,,0.05349907651543617,,,,,,,,,,,,,,,
52,14799,,,0.05212783068418503,,,,,,,,,,,,,,,
52,14809,,,0.05228293314576149,,,,,,,,,,,,,,,
52,14819,,,0.052267931401729584,,,,,,,,,,,,,,,
52,14829,,,0.05762387439608574,,,,,,,,,,,,,,,
52,14839,,,0.049398697912693024,,,,,,,,,,,,,,,
52,14849,,,0.055869027972221375,,,,,,,,,,,,,,,
52,14859,,,0.05537095293402672,,,,,,,,,,,,,,,
52,14869,,,0.05322256311774254,,,,,,,,,,,,,,,
52,14879,,,0.048711154609918594,,,,,,,,,,,,,,,
52,14889,,,0.059624239802360535,,,,,,,,,,,,,,,
52,14899,,,0.05612741410732269,,,,,,,,,,,,,,,
52,14909,,,0.052661996334791183,,,,,,,,,,,,,,,
52,14919,,,0.05734127014875412,,,,,,,,,,,,,,,
52,14929,,,0.04930699244141579,,,,,,,,,,,,,,,
52,14939,,,0.05354306474328041,,,,,,,,,,,,,,,
52,14949,,,0.054922543466091156,,,,,,,,,,,,,,,
52,14959,,,0.051640380173921585,,,,,,,,,,,,,,,
52,14969,,,0.04904484003782272,,,,,,,,,,,,,,,
52,14979,,,0.05792878195643425,,,,,,,,,,,,,,,
52,14989,,,0.05152842402458191,,,,,,,,,,,,,,,
52,14998,,,,0.054624881595373154,,,,,,,,,,,,,,
53,14999,,,0.05479865521192551,,,,,,,,,,,,,,,
53,15009,,,0.05375577136874199,,,,,,,,,,,,,,,
53,15019,,,0.053541526198387146,,,,,,,,,,,,,,,
53,15029,,,0.057009484618902206,,,,,,,,,,,,,,,
53,15039,,,0.05712054297327995,,,,,,,,,,,,,,,
53,15049,,,0.05286777764558792,,,,,,,,,,,,,,,
53,15059,,,0.05678221955895424,,,,,,,,,,,,,,,
53,15069,,,0.05633958429098129,,,,,,,,,,,,,,,
53,15079,,,0.05597199499607086,,,,,,,,,,,,,,,
53,15089,,,0.05649193748831749,,,,,,,,,,,,,,,
53,15099,,,0.05660686641931534,,,,,,,,,,,,,,,
53,15109,,,0.05281921848654747,,,,,,,,,,,,,,,
53,15119,,,0.05333317816257477,,,,,,,,,,,,,,,
53,15129,,,0.054579105228185654,,,,,,,,,,,,,,,
53,15139,,,0.0507582388818264,,,,,,,,,,,,,,,
53,15149,,,0.05339028313755989,,,,,,,,,,,,,,,
53,15159,,,0.05254363268613815,,,,,,,,,,,,,,,
53,15169,,,0.0513794906437397,,,,,,,,,,,,,,,
53,15179,,,0.04992179945111275,,,,,,,,,,,,,,,
53,15189,,,0.050520703196525574,,,,,,,,,,,,,,,
53,15199,,,0.052612755447626114,,,,,,,,,,,,,,,
53,15209,,,0.05375879257917404,,,,,,,,,,,,,,,
53,15219,,,0.05346938222646713,,,,,,,,,,,,,,,
53,15229,,,0.058366112411022186,,,,,,,,,,,,,,,
53,15239,,,0.050328560173511505,,,,,,,,,,,,,,,
53,15249,,,0.06127709150314331,,,,,,,,,,,,,,,
53,15259,,,0.055681053549051285,,,,,,,,,,,,,,,
53,15269,,,0.05515517294406891,,,,,,,,,,,,,,,
53,15279,,,0.05676887184381485,,,,,,,,,,,,,,,
53,15281,,,,0.05466534197330475,,,,,,,,,,,,,,
54,15289,,,0.054645732045173645,,,,,,,,,,,,,,,
54,15299,,,0.0566963292658329,,,,,,,,,,,,,,,
54,15309,,,0.05163005366921425,,,,,,,,,,,,,,,
54,15319,,,0.05688440427184105,,,,,,,,,,,,,,,
54,15329,,,0.055322397500276566,,,,,,,,,,,,,,,
54,15339,,,0.050983745604753494,,,,,,,,,,,,,,,
54,15349,,,0.05584409087896347,,,,,,,,,,,,,,,
54,15359,,,0.05496938154101372,,,,,,,,,,,,,,,
54,15369,,,0.055773839354515076,,,,,,,,,,,,,,,
54,15379,,,0.0573781281709671,,,,,,,,,,,,,,,
54,15389,,,0.05331449955701828,,,,,,,,,,,,,,,
54,15399,,,0.05809382349252701,,,,,,,,,,,,,,,
54,15409,,,0.05305975303053856,,,,,,,,,,,,,,,
54,15419,,,0.05738835409283638,,,,,,,,,,,,,,,
54,15429,,,0.05417182296514511,,,,,,,,,,,,,,,
54,15439,,,0.06039696931838989,,,,,,,,,,,,,,,
54,15449,,,0.054513365030288696,,,,,,,,,,,,,,,
54,15459,,,0.05114530026912689,,,,,,,,,,,,,,,
54,15469,,,0.053999338299036026,,,,,,,,,,,,,,,
54,15479,,,0.056169163435697556,,,,,,,,,,,,,,,
54,15489,,,0.05428563058376312,,,,,,,,,,,,,,,
54,15499,,,0.05684573948383331,,,,,,,,,,,,,,,
54,15509,,,0.05738931894302368,,,,,,,,,,,,,,,
54,15519,,,0.05726320669054985,,,,,,,,,,,,,,,
54,15529,,,0.05658777803182602,,,,,,,,,,,,,,,
54,15539,,,0.05357850342988968,,,,,,,,,,,,,,,
54,15549,,,0.050921160727739334,,,,,,,,,,,,,,,
54,15559,,,0.05402837321162224,,,,,,,,,,,,,,,
54,15564,,,,0.05464795231819153,,,,,,,,,,,,,,
55,15569,,,0.055160630494356155,,,,,,,,,,,,,,,
55,15579,,,0.05571586638689041,,,,,,,,,,,,,,,
55,15589,,,0.054179802536964417,,,,,,,,,,,,,,,
55,15599,,,0.05625364929437637,,,,,,,,,,,,,,,
55,15609,,,0.05529577657580376,,,,,,,,,,,,,,,
55,15619,,,0.05137427896261215,,,,,,,,,,,,,,,
55,15629,,,0.055321116000413895,,,,,,,,,,,,,,,
55,15639,,,0.05434967949986458,,,,,,,,,,,,,,,
55,15649,,,0.054319772869348526,,,,,,,,,,,,,,,
55,15659,,,0.06077710911631584,,,,,,,,,,,,,,,
55,15669,,,0.05408027023077011,,,,,,,,,,,,,,,
55,15679,,,0.05140068382024765,,,,,,,,,,,,,,,
55,15689,,,0.051455963402986526,,,,,,,,,,,,,,,
55,15699,,,0.05335881933569908,,,,,,,,,,,,,,,
55,15709,,,0.05431690439581871,,,,,,,,,,,,,,,
55,15719,,,0.05370761454105377,,,,,,,,,,,,,,,
55,15729,,,0.05526623874902725,,,,,,,,,,,,,,,
55,15739,,,0.052750736474990845,,,,,,,,,,,,,,,
55,15749,,,0.05057726800441742,,,,,,,,,,,,,,,
55,15759,,,0.05929030105471611,,,,,,,,,,,,,,,
55,15769,,,0.05482281371951103,,,,,,,,,,,,,,,
55,15779,,,0.05495934933423996,,,,,,,,,,,,,,,
55,15789,,,0.056671448051929474,,,,,,,,,,,,,,,
55,15799,,,0.05624638497829437,,,,,,,,,,,,,,,
55,15809,,,0.056786179542541504,,,,,,,,,,,,,,,
55,15819,,,0.05300705507397652,,,,,,,,,,,,,,,
55,15829,,,0.05958908423781395,,,,,,,,,,,,,,,
55,15839,,,0.05504212528467178,,,,,,,,,,,,,,,
55,15847,,,,0.054924000054597855,,,,,,,,,,,,,,
56,15849,,,0.053272172808647156,,,,,,,,,,,,,,,
56,15859,,,0.0508832186460495,,,,,,,,,,,,,,,
56,15869,,,0.05667744576931,,,,,,,,,,,,,,,
56,15879,,,0.0576741024851799,,,,,,,,,,,,,,,
56,15889,,,0.05746286362409592,,,,,,,,,,,,,,,
56,15899,,,0.05207628756761551,,,,,,,,,,,,,,,
56,15909,,,0.05078068748116493,,,,,,,,,,,,,,,
56,15919,,,0.05143216997385025,,,,,,,,,,,,,,,
56,15929,,,0.054061345756053925,,,,,,,,,,,,,,,
56,15939,,,0.056300219148397446,,,,,,,,,,,,,,,
56,15949,,,0.05421429127454758,,,,,,,,,,,,,,,
56,15959,,,0.05222977325320244,,,,,,,,,,,,,,,
56,15969,,,0.05750581994652748,,,,,,,,,,,,,,,
56,15979,,,0.05126631259918213,,,,,,,,,,,,,,,
56,15989,,,0.05210631713271141,,,,,,,,,,,,,,,
56,15999,,,0.04985739663243294,,,,,,,,,,,,,,,
56,16009,,,0.057126011699438095,,,,,,,,,,,,,,,
56,16019,,,0.048069510608911514,,,,,,,,,,,,,,,
56,16029,,,0.05312115326523781,,,,,,,,,,,,,,,
56,16039,,,0.05322222784161568,,,,,,,,,,,,,,,
56,16049,,,0.05655069276690483,,,,,,,,,,,,,,,
56,16059,,,0.05630131810903549,,,,,,,,,,,,,,,
56,16069,,,0.055240824818611145,,,,,,,,,,,,,,,
56,16079,,,0.05595039576292038,,,,,,,,,,,,,,,
56,16089,,,0.05627869814634323,,,,,,,,,,,,,,,
56,16099,,,0.05257370322942734,,,,,,,,,,,,,,,
56,16109,,,0.05425984784960747,,,,,,,,,,,,,,,
56,16119,,,0.05475727468729019,,,,,,,,,,,,,,,
56,16129,,,0.052012015134096146,,,,,,,,,,,,,,,
56,16130,,,,0.05465632677078247,,,,,,,,,,,,,,
57,16139,,,0.05657575652003288,,,,,,,,,,,,,,,
57,16149,,,0.054643936455249786,,,,,,,,,,,,,,,
57,16159,,,0.05280527099967003,,,,,,,,,,,,,,,
57,16169,,,0.056867100298404694,,,,,,,,,,,,,,,
57,16179,,,0.0556686706840992,,,,,,,,,,,,,,,
57,16189,,,0.05541152134537697,,,,,,,,,,,,,,,
57,16199,,,0.0552343912422657,,,,,,,,,,,,,,,
57,16209,,,0.05716985464096069,,,,,,,,,,,,,,,
57,16219,,,0.05658978223800659,,,,,,,,,,,,,,,
57,16229,,,0.054251208901405334,,,,,,,,,,,,,,,
57,16239,,,0.05616169422864914,,,,,,,,,,,,,,,
57,16249,,,0.05690282583236694,,,,,,,,,,,,,,,
57,16259,,,0.05411157011985779,,,,,,,,,,,,,,,
57,16269,,,0.05601916462182999,,,,,,,,,,,,,,,
57,16279,,,0.05632545053958893,,,,,,,,,,,,,,,
57,16289,,,0.05811372399330139,,,,,,,,,,,,,,,
57,16299,,,0.051900170743465424,,,,,,,,,,,,,,,
57,16309,,,0.05278122425079346,,,,,,,,,,,,,,,
57,16319,,,0.056452684104442596,,,,,,,,,,,,,,,
57,16329,,,0.05270333215594292,,,,,,,,,,,,,,,
57,16339,,,0.05724475532770157,,,,,,,,,,,,,,,
57,16349,,,0.05460568889975548,,,,,,,,,,,,,,,
57,16359,,,0.05547202005982399,,,,,,,,,,,,,,,
57,16369,,,0.05475502088665962,,,,,,,,,,,,,,,
57,16379,,,0.055238742381334305,,,,,,,,,,,,,,,
57,16389,,,0.05316567420959473,,,,,,,,,,,,,,,
57,16399,,,0.05374455451965332,,,,,,,,,,,,,,,
57,16409,,,0.05294657498598099,,,,,,,,,,,,,,,
57,16413,,,,0.05463918671011925,,,,,,,,,,,,,,
58,16419,,,0.061637718230485916,,,,,,,,,,,,,,,
58,16429,,,0.0582595095038414,,,,,,,,,,,,,,,
58,16439,,,0.058554306626319885,,,,,,,,,,,,,,,
58,16449,,,0.056495651602745056,,,,,,,,,,,,,,,
58,16459,,,0.059449486434459686,,,,,,,,,,,,,,,
58,16469,,,0.05448536202311516,,,,,,,,,,,,,,,
58,16479,,,0.05502850189805031,,,,,,,,,,,,,,,
58,16489,,,0.04948391020298004,,,,,,,,,,,,,,,
58,16499,,,0.058030180633068085,,,,,,,,,,,,,,,
58,16509,,,0.05291561782360077,,,,,,,,,,,,,,,
58,16519,,,0.056176647543907166,,,,,,,,,,,,,,,
58,16529,,,0.055543456226587296,,,,,,,,,,,,,,,
58,16539,,,0.053960271179676056,,,,,,,,,,,,,,,
59,16859,,,0.05630410090088844,,,,,,,,,,,,,,,
59,16869,,,0.05256423354148865,,,,,,,,,,,,,,,
59,16879,,,0.04973577708005905,,,,,,,,,,,,,,,
59,16889,,,0.0531553216278553,,,,,,,,,,,,,,,
59,16899,,,0.053560979664325714,,,,,,,,,,,,,,,
59,16909,,,0.04819396510720253,,,,,,,,,,,,,,,
59,16919,,,0.05405235290527344,,,,,,,,,,,,,,,
59,16929,,,0.05692576617002487,,,,,,,,,,,,,,,
59,16939,,,0.056236300617456436,,,,,,,,,,,,,,,
59,16949,,,0.0497332327067852,,,,,,,,,,,,,,,
59,16959,,,0.05593904107809067,,,,,,,,,,,,,,,
59,16969,,,0.05366310849785805,,,,,,,,,,,,,,,
59,16979,,,0.05520392954349518,,,,,,,,,,,,,,,
